match_id,team_1,team_2,league,date,winner,gamelength,firsttower_team,firstbaron_team
ESPORTSTMNT01_2691713,TSM,100 Thieves,LCS,2022-01-14 21:26:31,100 Thieves,1595,100 Thieves,1
ESPORTSTMNT01_2692054,Dignitas,Team Liquid,LCS,2022-01-15 20:52:15,Team Liquid,1523,Team Liquid,1
ESPORTSTMNT01_2692497,Team Liquid,Counter Logic Gaming,LCS,2022-01-16 21:11:18,Team Liquid,1807,Team Liquid,0
ESPORTSTMNT01_2692529,TSM,Cloud9,LCS,2022-01-16 22:10:33,Cloud9,1750,TSM,1
ESPORTSTMNT01_2692548,Evil Geniuses,Immortals,LCS,2022-01-16 23:00:52,Evil Geniuses,1903,Evil Geniuses,0
ESPORTSTMNT01_2692567,Golden Guardians,FlyQuest,LCS,2022-01-16 23:57:17,FlyQuest,1847,FlyQuest,1
ESPORTSTMNT01_2695387,Dignitas,Counter Logic Gaming,LCS,2022-01-21 21:45:47,Counter Logic Gaming,2172,Dignitas,1
ESPORTSTMNT01_2695415,100 Thieves,Cloud9,LCS,2022-01-21 23:12:13,100 Thieves,1779,100 Thieves,0
ESPORTSTMNT01_2695435,Immortals,Team Liquid,LCS,2022-01-22 00:06:11,Team Liquid,1824,Team Liquid,1
ESPORTSTMNT01_2695450,Golden Guardians,TSM,LCS,2022-01-22 01:00:16,Golden Guardians,1689,TSM,0
ESPORTSTMNT01_2695459,Evil Geniuses,Dignitas,LCS,2022-01-22 01:51:07,Evil Geniuses,1569,Evil Geniuses,0
ESPORTSTMNT01_2695850,100 Thieves,Dignitas,LCS,2022-01-22 20:38:42,Dignitas,2211,Dignitas,1
ESPORTSTMNT01_2696307,Evil Geniuses,Golden Guardians,LCS,2022-01-23 19:32:49,Evil Geniuses,1956,Evil Geniuses,0
ESPORTSTMNT01_2701892,Cloud9,Golden Guardians,LCS,2022-01-14 23:05:35,Cloud9,2079,Golden Guardians,0
ESPORTSTMNT01_2701898,FlyQuest,TSM,LCS,2022-01-15 00:00:36,TSM,3007,FlyQuest,1
ESPORTSTMNT01_2701905,100 Thieves,Golden Guardians,LCS,2022-01-15 01:14:39,100 Thieves,1976,100 Thieves,0
ESPORTSTMNT01_2701917,Cloud9,FlyQuest,LCS,2022-01-15 02:13:10,Cloud9,2149,Cloud9,0
ESPORTSTMNT01_2702177,Counter Logic Gaming,Immortals,LCS,2022-01-15 22:02:29,Counter Logic Gaming,1459,Immortals,0
ESPORTSTMNT01_2702184,Team Liquid,Evil Geniuses,LCS,2022-01-15 22:50:00,Evil Geniuses,2459,Team Liquid,0
ESPORTSTMNT01_2702196,Immortals,Dignitas,LCS,2022-01-16 00:14:51,Dignitas,2272,Immortals,1
ESPORTSTMNT01_2702203,Counter Logic Gaming,Evil Geniuses,LCS,2022-01-16 01:14:27,Evil Geniuses,1443,Evil Geniuses,1
ESPORTSTMNT01_2702518,FlyQuest,100 Thieves,LCS,2022-01-16 19:40:35,FlyQuest,2001,FlyQuest,0
ESPORTSTMNT01_2705832,Dignitas,100 Thieves,LCS,2022-01-22 22:21:39,Dignitas,1694,Dignitas,0
ESPORTSTMNT01_2705845,Team Liquid,FlyQuest,LCS,2022-01-22 23:12:36,Team Liquid,1809,Team Liquid,0
ESPORTSTMNT01_2705859,FlyQuest,Team Liquid,LCS,2022-01-23 00:16:32,Team Liquid,1774,Team Liquid,1
ESPORTSTMNT01_2706264,Golden Guardians,Evil Geniuses,LCS,2022-01-23 21:13:50,Evil Geniuses,1634,Golden Guardians,1
ESPORTSTMNT01_2706274,Cloud9,Counter Logic Gaming,LCS,2022-01-23 21:59:43,Cloud9,1872,Cloud9,0
ESPORTSTMNT01_2706287,Counter Logic Gaming,Cloud9,LCS,2022-01-23 22:56:49,Counter Logic Gaming,2193,Counter Logic Gaming,0
ESPORTSTMNT01_2706306,Cloud9,Counter Logic Gaming,LCS,2022-01-23 23:55:27,Cloud9,1764,Cloud9,0
ESPORTSTMNT01_2731362,Cloud9,Dignitas,LCS,2022-02-25 22:37:00,Cloud9,1595,Cloud9,0
ESPORTSTMNT01_2731398,Golden Guardians,Team Liquid,LCS,2022-02-25 23:32:00,Golden Guardians,1756,Golden Guardians,0
ESPORTSTMNT01_2731417,TSM,100 Thieves,LCS,2022-02-26 00:27:00,100 Thieves,2104,TSM,1
ESPORTSTMNT01_2731436,Counter Logic Gaming,Immortals,LCS,2022-02-26 01:27:00,Immortals,1880,Counter Logic Gaming,1
ESPORTSTMNT01_2731814,Dignitas,Team Liquid,LCS,2022-02-26 21:44:00,Team Liquid,1917,Dignitas,1
ESPORTSTMNT01_2731850,Counter Logic Gaming,TSM,LCS,2022-02-26 22:44:00,Counter Logic Gaming,2093,TSM,1
ESPORTSTMNT01_2731891,Cloud9,100 Thieves,LCS,2022-02-26 23:44:00,Cloud9,1845,Cloud9,0
ESPORTSTMNT01_2731908,Evil Geniuses,FlyQuest,LCS,2022-02-27 00:40:00,Evil Geniuses,1957,Evil Geniuses,0
ESPORTSTMNT01_2731918,FlyQuest,Immortals,LCS,2022-02-27 01:38:00,Immortals,1944,Immortals,1
ESPORTSTMNT01_2731935,Evil Geniuses,Golden Guardians,LCS,2022-02-27 02:35:00,Evil Geniuses,1713,Evil Geniuses,1
ESPORTSTMNT01_2732412,Team Liquid,TSM,LCS,2022-02-27 20:01:06,Team Liquid,1652,Team Liquid,0
ESPORTSTMNT01_2732459,Counter Logic Gaming,Evil Geniuses,LCS,2022-02-27 21:05:38,Counter Logic Gaming,2308,Evil Geniuses,0
ESPORTSTMNT01_2742510,Cloud9,FlyQuest,LCS,2022-02-27 22:11:11,Cloud9,1971,Cloud9,0
ESPORTSTMNT01_2742551,Immortals,Golden Guardians,LCS,2022-02-27 23:06:36,Golden Guardians,2196,Golden Guardians,0
ESPORTSTMNT01_2742596,Dignitas,100 Thieves,LCS,2022-02-28 00:07:27,Dignitas,2069,100 Thieves,0
ESPORTSTMNT01_2771326,Immortals,Team Liquid,LCS,2022-03-06 19:53:38,Team Liquid,2193,Immortals,1
ESPORTSTMNT01_2771382,Counter Logic Gaming,100 Thieves,LCS,2022-03-06 21:19:47,100 Thieves,1758,100 Thieves,1
ESPORTSTMNT01_2780732,Evil Geniuses,Immortals,LCS,2022-03-05 21:01:58,Evil Geniuses,2198,Evil Geniuses,0
ESPORTSTMNT01_2780787,TSM,FlyQuest,LCS,2022-03-05 22:16:41,FlyQuest,1936,TSM,1
ESPORTSTMNT01_2780809,Team Liquid,100 Thieves,LCS,2022-03-05 23:16:36,Team Liquid,1945,Team Liquid,0
ESPORTSTMNT01_2780834,Cloud9,Golden Guardians,LCS,2022-03-06 00:13:12,Cloud9,1637,Cloud9,0
ESPORTSTMNT01_2780840,Counter Logic Gaming,Dignitas,LCS,2022-03-06 01:07:00,Dignitas,1785,Dignitas,1
ESPORTSTMNT01_2781375,Evil Geniuses,Cloud9,LCS,2022-03-06 22:15:26,Cloud9,1657,Cloud9,1
ESPORTSTMNT01_2781403,FlyQuest,Dignitas,LCS,2022-03-06 23:04:21,FlyQuest,1948,Dignitas,2
ESPORTSTMNT01_2781427,Golden Guardians,TSM,LCS,2022-03-07 00:03:08,TSM,2130,Golden Guardians,1
ESPORTSTMNT01_2860374,Cloud9,100 Thieves,LCS,2022-04-02 20:00:26,100 Thieves,1576,Cloud9,1
ESPORTSTMNT01_2860394,Cloud9,100 Thieves,LCS,2022-04-02 21:06:37,100 Thieves,2096,100 Thieves,1
ESPORTSTMNT01_2860401,100 Thieves,Cloud9,LCS,2022-04-02 22:09:06,100 Thieves,2044,Cloud9,0
ESPORTSTMNT01_2861009,Cloud9,Golden Guardians,LCS,2022-04-09 21:16:52,Cloud9,1998,Golden Guardians,0
ESPORTSTMNT01_2861076,FlyQuest,Evil Geniuses,LCS,2022-04-10 18:45:41,Evil Geniuses,1982,Evil Geniuses,2
ESPORTSTMNT01_2861096,FlyQuest,Evil Geniuses,LCS,2022-04-10 20:17:23,FlyQuest,3072,FlyQuest,0
ESPORTSTMNT01_2861109,FlyQuest,Evil Geniuses,LCS,2022-04-10 21:33:51,Evil Geniuses,2313,Evil Geniuses,1
ESPORTSTMNT01_2861113,FlyQuest,Evil Geniuses,LCS,2022-04-10 22:35:22,Evil Geniuses,2068,Evil Geniuses,1
ESPORTSTMNT01_2862448,Evil Geniuses,100 Thieves,LCS,2022-04-24 18:43:57,Evil Geniuses,1832,100 Thieves,0
ESPORTSTMNT01_2862478,Evil Geniuses,100 Thieves,LCS,2022-04-24 20:27:30,Evil Geniuses,1408,Evil Geniuses,0
ESPORTSTMNT01_2862480,100 Thieves,Evil Geniuses,LCS,2022-04-24 21:14:20,Evil Geniuses,1472,Evil Geniuses,1
ESPORTSTMNT01_2870679,Evil Geniuses,Team Liquid,LCS,2022-04-03 19:01:22,Team Liquid,1962,Team Liquid,1
ESPORTSTMNT01_2870688,Team Liquid,Evil Geniuses,LCS,2022-04-03 20:28:06,Evil Geniuses,1968,Evil Geniuses,1
ESPORTSTMNT01_2870689,Evil Geniuses,Team Liquid,LCS,2022-04-03 21:24:59,Team Liquid,1657,Team Liquid,1
ESPORTSTMNT01_2870691,Team Liquid,Evil Geniuses,LCS,2022-04-03 22:14:11,Evil Geniuses,1824,Evil Geniuses,1
ESPORTSTMNT01_2870693,Evil Geniuses,Team Liquid,LCS,2022-04-03 23:08:52,Team Liquid,1898,Team Liquid,1
ESPORTSTMNT01_2871299,Cloud9,Golden Guardians,LCS,2022-04-09 20:43:33,Cloud9,1704,Cloud9,0
ESPORTSTMNT01_2871313,Cloud9,Golden Guardians,LCS,2022-04-09 22:10:41,Cloud9,1717,Cloud9,0
ESPORTSTMNT01_2872113,100 Thieves,Team Liquid,LCS,2022-04-16 20:06:15,Team Liquid,1378,Team Liquid,1
ESPORTSTMNT01_2872135,Team Liquid,100 Thieves,LCS,2022-04-16 21:15:48,Team Liquid,1855,Team Liquid,1
ESPORTSTMNT01_2872138,100 Thieves,Team Liquid,LCS,2022-04-16 22:05:57,100 Thieves,1830,Team Liquid,0
ESPORTSTMNT01_2872143,Team Liquid,100 Thieves,LCS,2022-04-16 22:59:06,100 Thieves,1904,100 Thieves,0
ESPORTSTMNT01_2872146,100 Thieves,Team Liquid,LCS,2022-04-16 23:54:44,100 Thieves,2048,Team Liquid,1
ESPORTSTMNT01_2872177,Evil Geniuses,Cloud9,LCS,2022-04-17 18:53:22,Evil Geniuses,1963,Cloud9,0
ESPORTSTMNT01_2872184,Evil Geniuses,Cloud9,LCS,2022-04-17 20:17:31,Evil Geniuses,1708,Evil Geniuses,0
ESPORTSTMNT01_2872185,Evil Geniuses,Cloud9,LCS,2022-04-17 21:05:29,Evil Geniuses,1986,Evil Geniuses,1
ESPORTSTMNT01_2872648,Evil Geniuses,Team Liquid,LCS,2022-04-23 18:36:24,Evil Geniuses,1933,Evil Geniuses,0
ESPORTSTMNT01_2872666,Evil Geniuses,Team Liquid,LCS,2022-04-23 20:30:21,Evil Geniuses,2684,Evil Geniuses,1
ESPORTSTMNT01_2872668,Team Liquid,Evil Geniuses,LCS,2022-04-23 21:38:06,Evil Geniuses,1718,Team Liquid,1
ESPORTSTMNT01_3083810,Team Liquid,Dignitas,LCS,2022-08-12 20:55:46,Team Liquid,1811,Team Liquid,0
ESPORTSTMNT01_3083867,Golden Guardians,Evil Geniuses,LCS,2022-08-12 22:11:09,Evil Geniuses,1933,Evil Geniuses,1
ESPORTSTMNT01_3083887,FlyQuest,100 Thieves,LCS,2022-08-12 23:02:43,FlyQuest,2391,100 Thieves,1
ESPORTSTMNT01_3083914,Counter Logic Gaming,TSM,LCS,2022-08-13 00:09:24,TSM,2137,Counter Logic Gaming,1
ESPORTSTMNT01_3083943,Immortals,Cloud9,LCS,2022-08-13 01:21:45,Cloud9,1869,Cloud9,1
ESPORTSTMNT01_3084220,100 Thieves,Counter Logic Gaming,LCS,2022-08-13 20:02:22,100 Thieves,1707,100 Thieves,0
ESPORTSTMNT01_3084243,Golden Guardians,Team Liquid,LCS,2022-08-13 21:08:14,Team Liquid,1880,Team Liquid,1
ESPORTSTMNT01_3084261,Cloud9,TSM,LCS,2022-08-13 22:06:31,Cloud9,1709,Cloud9,0
ESPORTSTMNT01_3084288,FlyQuest,Immortals,LCS,2022-08-13 23:00:17,FlyQuest,1697,Immortals,2
ESPORTSTMNT01_3084306,Evil Geniuses,Dignitas,LCS,2022-08-13 23:54:39,Evil Geniuses,1857,Evil Geniuses,0
ESPORTSTMNT01_3091735,Golden Guardians,100 Thieves,LCS,2022-08-06 20:08:43,100 Thieves,1883,Golden Guardians,1
ESPORTSTMNT01_3091777,Evil Geniuses,TSM,LCS,2022-08-06 21:10:24,Evil Geniuses,1820,Evil Geniuses,0
ESPORTSTMNT01_3091822,FlyQuest,Team Liquid,LCS,2022-08-06 22:08:36,Team Liquid,1998,Team Liquid,1
ESPORTSTMNT01_3091876,Cloud9,Counter Logic Gaming,LCS,2022-08-06 23:11:46,Counter Logic Gaming,2135,Counter Logic Gaming,1
ESPORTSTMNT01_3091893,Dignitas,Immortals,LCS,2022-08-07 00:14:25,Dignitas,2321,Immortals,0
ESPORTSTMNT01_3092158,Counter Logic Gaming,FlyQuest,LCS,2022-08-07 19:11:45,Counter Logic Gaming,3097,FlyQuest,0
ESPORTSTMNT01_3092209,Cloud9,100 Thieves,LCS,2022-08-07 20:30:22,100 Thieves,2328,Cloud9,0
ESPORTSTMNT01_3092235,Team Liquid,Evil Geniuses,LCS,2022-08-07 21:33:52,Team Liquid,1473,Team Liquid,0
ESPORTSTMNT01_3092256,Immortals,Golden Guardians,LCS,2022-08-07 22:24:47,Immortals,1981,Immortals,0
ESPORTSTMNT01_3092274,TSM,Dignitas,LCS,2022-08-07 23:21:33,TSM,1881,TSM,0
ESPORTSTMNT01_3094537,Counter Logic Gaming,Immortals,LCS,2022-08-14 19:03:22,Counter Logic Gaming,2051,Counter Logic Gaming,0
ESPORTSTMNT01_3094578,Evil Geniuses,Cloud9,LCS,2022-08-14 20:14:20,Evil Geniuses,2729,Evil Geniuses,0
ESPORTSTMNT01_3094589,TSM,FlyQuest,LCS,2022-08-14 21:24:08,FlyQuest,2170,FlyQuest,1
ESPORTSTMNT01_3094603,Team Liquid,100 Thieves,LCS,2022-08-14 22:26:09,100 Thieves,2370,Team Liquid,1
ESPORTSTMNT01_3094611,Dignitas,Golden Guardians,LCS,2022-08-14 23:36:01,Golden Guardians,2328,Golden Guardians,0
ESPORTSTMNT01_3094622,Cloud9,FlyQuest,LCS,2022-08-15 00:39:30,Cloud9,1778,FlyQuest,0
ESPORTSTMNT01_3297964,Immortals,Team Liquid,LCS,2023-02-03 01:03:52,Team Liquid,1595,Team Liquid,1
ESPORTSTMNT01_3298856,Cloud9,Counter Logic Gaming,LCS,2023-02-02 22:06:55,Cloud9,1586,Cloud9,0
ESPORTSTMNT01_3298877,Golden Guardians,FlyQuest,LCS,2023-02-02 22:58:08,FlyQuest,2290,FlyQuest,1
ESPORTSTMNT01_3298902,100 Thieves,Dignitas,LCS,2023-02-03 00:04:26,100 Thieves,1869,100 Thieves,0
ESPORTSTMNT01_3299893,Evil Geniuses,TSM,LCS,2023-02-03 01:56:52,Evil Geniuses,1649,Evil Geniuses,0
ESPORTSTMNT01_3300186,FlyQuest,Cloud9,LCS,2023-02-03 23:02:39,FlyQuest,1798,FlyQuest,0
ESPORTSTMNT01_3300211,Dignitas,Evil Geniuses,LCS,2023-02-03 23:54:33,Evil Geniuses,1614,Evil Geniuses,1
ESPORTSTMNT01_3301178,TSM,100 Thieves,LCS,2023-02-04 00:45:39,100 Thieves,1801,100 Thieves,1
ESPORTSTMNT01_3301190,Team Liquid,Golden Guardians,LCS,2023-02-04 01:34:41,Team Liquid,2407,Team Liquid,0
ESPORTSTMNT01_3301201,Counter Logic Gaming,Immortals,LCS,2023-02-04 02:34:45,Immortals,2186,Immortals,0
ESPORTSTMNT01_3307762,Cloud9,TSM,LCS,2023-02-09 22:07:17,Cloud9,2084,TSM,0
ESPORTSTMNT01_3308753,FlyQuest,Evil Geniuses,LCS,2023-02-09 23:11:39,FlyQuest,1951,FlyQuest,0
ESPORTSTMNT01_3308783,Team Liquid,100 Thieves,LCS,2023-02-10 00:10:32,100 Thieves,2269,Team Liquid,1
ESPORTSTMNT01_3308816,Counter Logic Gaming,Golden Guardians,LCS,2023-02-10 01:15:58,Golden Guardians,1596,Golden Guardians,1
ESPORTSTMNT01_3308842,Immortals,Dignitas,LCS,2023-02-10 02:06:02,Immortals,2370,Dignitas,0
ESPORTSTMNT01_3309516,Golden Guardians,Immortals,LCS,2023-02-11 02:03:27,Golden Guardians,1826,Golden Guardians,0
ESPORTSTMNT01_3310374,TSM,Counter Logic Gaming,LCS,2023-02-10 23:00:15,TSM,1978,TSM,0
ESPORTSTMNT01_3311275,100 Thieves,FlyQuest,LCS,2023-02-10 22:07:20,FlyQuest,1849,FlyQuest,1
ESPORTSTMNT01_3311377,Evil Geniuses,Cloud9,LCS,2023-02-10 23:59:48,Evil Geniuses,2330,Evil Geniuses,0
ESPORTSTMNT01_3311408,Dignitas,Team Liquid,LCS,2023-02-11 01:03:35,Team Liquid,1450,Team Liquid,1
ESPORTSTMNT01_3324554,Counter Logic Gaming,Team Liquid,LCS,2023-03-16 23:07:11,Counter Logic Gaming,2469,Counter Logic Gaming,0
ESPORTSTMNT01_3324855,Dignitas,Golden Guardians,LCS,2023-03-18 00:15:04,Dignitas,2423,Dignitas,1
ESPORTSTMNT01_3324865,100 Thieves,Immortals,LCS,2023-03-18 01:18:42,100 Thieves,1816,100 Thieves,0
ESPORTSTMNT01_3324874,FlyQuest,Cloud9,LCS,2023-03-18 02:12:46,Cloud9,1765,FlyQuest,0
ESPORTSTMNT01_3324890,Counter Logic Gaming,100 Thieves,LCS,2023-03-18 04:18:13,100 Thieves,2580,Counter Logic Gaming,1
ESPORTSTMNT01_3325173,Cloud9,FlyQuest,LCS,2023-03-15 21:07:53,Cloud9,1595,Cloud9,0
ESPORTSTMNT01_3325205,Golden Guardians,Counter Logic Gaming,LCS,2023-03-15 21:57:47,Counter Logic Gaming,2355,Golden Guardians,1
ESPORTSTMNT01_3325223,100 Thieves,TSM,LCS,2023-03-15 23:02:22,100 Thieves,2819,100 Thieves,0
ESPORTSTMNT01_3325480,TSM,Dignitas,LCS,2023-03-16 22:13:22,TSM,1767,Dignitas,0
ESPORTSTMNT01_3325518,Cloud9,Immortals,LCS,2023-03-17 00:09:54,Cloud9,1630,Cloud9,0
ESPORTSTMNT01_3325730,Counter Logic Gaming,Cloud9,LCS,2023-03-17 21:07:25,Counter Logic Gaming,2271,Cloud9,0
ESPORTSTMNT01_3325749,FlyQuest,TSM,LCS,2023-03-17 22:08:43,FlyQuest,1830,FlyQuest,0
ESPORTSTMNT01_3325814,Evil Geniuses,100 Thieves,LCS,2023-03-18 03:06:32,100 Thieves,2431,100 Thieves,0
ESPORTSTMNT01_3326234,Evil Geniuses,Immortals,LCS,2023-03-16 00:12:42,Immortals,1670,Immortals,1
ESPORTSTMNT01_3326246,Team Liquid,Dignitas,LCS,2023-03-16 01:04:16,Team Liquid,1897,Team Liquid,0
ESPORTSTMNT01_3326454,100 Thieves,Evil Geniuses,LCS,2023-03-16 21:08:00,100 Thieves,2489,Evil Geniuses,0
ESPORTSTMNT01_3326540,FlyQuest,Golden Guardians,LCS,2023-03-17 00:59:30,FlyQuest,1667,FlyQuest,0
ESPORTSTMNT01_3326772,Evil Geniuses,Team Liquid,LCS,2023-03-17 23:09:10,Team Liquid,2529,Team Liquid,0
ESPORTSTMNT01_3330530,100 Thieves,FlyQuest,LCS,2023-03-23 23:04:29,FlyQuest,1847,FlyQuest,1
ESPORTSTMNT01_3330766,Cloud9,Counter Logic Gaming,LCS,2023-03-24 21:09:05,Cloud9,2302,Cloud9,1
ESPORTSTMNT01_3331467,FlyQuest,100 Thieves,LCS,2023-03-23 21:10:53,FlyQuest,1842,FlyQuest,0
ESPORTSTMNT01_3331486,FlyQuest,100 Thieves,LCS,2023-03-23 22:02:56,FlyQuest,2242,100 Thieves,1
ESPORTSTMNT01_3331967,100 Thieves,Golden Guardians,LCS,2023-03-25 21:07:11,100 Thieves,1997,100 Thieves,0
ESPORTSTMNT01_3332769,Counter Logic Gaming,Cloud9,LCS,2023-03-24 22:11:30,Counter Logic Gaming,2078,Counter Logic Gaming,2
ESPORTSTMNT01_3332778,Cloud9,Counter Logic Gaming,LCS,2023-03-24 23:07:31,Cloud9,1707,Counter Logic Gaming,0
ESPORTSTMNT01_3332787,Counter Logic Gaming,Cloud9,LCS,2023-03-24 23:57:14,Cloud9,2068,Counter Logic Gaming,1
ESPORTSTMNT01_3333073,100 Thieves,Golden Guardians,LCS,2023-03-26 00:23:26,Golden Guardians,1843,Golden Guardians,1
ESPORTSTMNT01_3333294,Counter Logic Gaming,Evil Geniuses,LCS,2023-03-26 22:02:36,Evil Geniuses,2064,Evil Geniuses,1
ESPORTSTMNT01_3333302,Counter Logic Gaming,Evil Geniuses,LCS,2023-03-26 22:57:23,Evil Geniuses,2491,Evil Geniuses,1
ESPORTSTMNT01_3334011,Golden Guardians,100 Thieves,LCS,2023-03-25 22:00:59,Golden Guardians,1764,Golden Guardians,0
ESPORTSTMNT01_3334019,100 Thieves,Golden Guardians,LCS,2023-03-25 22:50:28,100 Thieves,1601,100 Thieves,0
ESPORTSTMNT01_3335003,Golden Guardians,100 Thieves,LCS,2023-03-25 23:37:47,Golden Guardians,1531,Golden Guardians,0
ESPORTSTMNT01_3335201,Counter Logic Gaming,Evil Geniuses,LCS,2023-03-26 21:07:09,Evil Geniuses,2092,Counter Logic Gaming,1
ESPORTSTMNT01_3336443,FlyQuest,Cloud9,LCS,2023-03-30 22:01:40,Cloud9,2091,Cloud9,1
ESPORTSTMNT01_3337340,FlyQuest,Cloud9,LCS,2023-03-30 22:57:18,Cloud9,2214,FlyQuest,1
ESPORTSTMNT01_3337648,Golden Guardians,Evil Geniuses,LCS,2023-03-31 22:45:31,Golden Guardians,2005,Golden Guardians,0
ESPORTSTMNT01_3338344,Cloud9,FlyQuest,LCS,2023-03-30 21:09:21,Cloud9,1936,Cloud9,0
ESPORTSTMNT01_3338636,Evil Geniuses,Golden Guardians,LCS,2023-03-31 21:10:17,Golden Guardians,1952,Evil Geniuses,1
ESPORTSTMNT01_3338662,Evil Geniuses,Golden Guardians,LCS,2023-03-31 22:01:40,Golden Guardians,1455,Golden Guardians,1
ESPORTSTMNT01_3342164,FlyQuest,Golden Guardians,LCS,2023-04-08 20:17:16,FlyQuest,1970,Golden Guardians,0
ESPORTSTMNT01_3342185,FlyQuest,Golden Guardians,LCS,2023-04-08 22:17:40,FlyQuest,1818,Golden Guardians,1
ESPORTSTMNT01_3342188,Golden Guardians,FlyQuest,LCS,2023-04-08 23:12:33,Golden Guardians,1868,FlyQuest,0
ESPORTSTMNT01_3342189,FlyQuest,Golden Guardians,LCS,2023-04-09 00:07:01,Golden Guardians,1727,Golden Guardians,1
ESPORTSTMNT01_3342290,Golden Guardians,Cloud9,LCS,2023-04-09 21:53:15,Golden Guardians,1705,Golden Guardians,0
ESPORTSTMNT01_3342295,Cloud9,Golden Guardians,LCS,2023-04-09 22:45:11,Cloud9,1581,Golden Guardians,0
ESPORTSTMNT01_3343111,Golden Guardians,FlyQuest,LCS,2023-04-08 21:14:18,Golden Guardians,2295,Golden Guardians,1
ESPORTSTMNT01_3343206,Cloud9,Golden Guardians,LCS,2023-04-09 20:52:10,Cloud9,2277,Golden Guardians,1
ESPORTSTMNT01_3344237,Golden Guardians,Cloud9,LCS,2023-04-09 23:35:52,Cloud9,1745,Cloud9,1
ESPORTSTMNT01_3373466,Cloud9,Golden Guardians,LCS,2023-06-14 21:13:03,Cloud9,1596,Cloud9,0
ESPORTSTMNT01_3373511,Team Liquid,TSM,LCS,2023-06-14 22:05:21,Team Liquid,1797,Team Liquid,0
ESPORTSTMNT01_3373576,FlyQuest,100 Thieves,LCS,2023-06-15 00:51:45,100 Thieves,1831,100 Thieves,1
ESPORTSTMNT01_3374504,Immortals,Dignitas,LCS,2023-06-14 23:03:07,Immortals,1650,Immortals,0
ESPORTSTMNT01_3374524,Evil Geniuses,NRG Kia,LCS,2023-06-15 00:03:10,Evil Geniuses,1485,Evil Geniuses,0
ESPORTSTMNT01_3375039,Dignitas,Cloud9,LCS,2023-06-15 21:07:12,Cloud9,1643,Cloud9,1
ESPORTSTMNT01_3376068,FlyQuest,TSM,LCS,2023-06-15 21:58:47,TSM,2022,TSM,1
ESPORTSTMNT01_3376571,Immortals,Team Liquid,LCS,2023-06-16 21:08:06,Team Liquid,1269,Team Liquid,2
ESPORTSTMNT01_3376629,NRG Kia,100 Thieves,LCS,2023-06-16 23:52:26,NRG Kia,2074,NRG Kia,0
ESPORTSTMNT01_3376646,Cloud9,TSM,LCS,2023-06-17 00:49:29,Cloud9,1764,TSM,1
ESPORTSTMNT01_3378493,FlyQuest,Golden Guardians,LCS,2023-06-16 21:50:24,Golden Guardians,2213,Golden Guardians,0
ESPORTSTMNT01_3378516,Evil Geniuses,Dignitas,LCS,2023-06-16 22:52:38,Dignitas,2141,Dignitas,1
ESPORTSTMNT01_3401372,Evil Geniuses,TSM,LCS,2023-07-27 21:07:41,TSM,1517,TSM,1
ESPORTSTMNT01_3401413,TSM,Evil Geniuses,LCS,2023-07-27 22:43:26,Evil Geniuses,1793,Evil Geniuses,1
ESPORTSTMNT01_3401640,Team Liquid,NRG Kia,LCS,2023-07-29 00:12:40,NRG Kia,1792,NRG Kia,1
ESPORTSTMNT01_3402369,TSM,Evil Geniuses,LCS,2023-07-27 21:53:42,Evil Geniuses,1784,Evil Geniuses,1
ESPORTSTMNT01_3402561,Team Liquid,NRG Kia,LCS,2023-07-28 21:07:59,NRG Kia,2704,NRG Kia,1
ESPORTSTMNT01_3402602,Team Liquid,NRG Kia,LCS,2023-07-28 23:14:15,Team Liquid,2132,Team Liquid,0
ESPORTSTMNT01_3403374,TSM,Evil Geniuses,LCS,2023-07-27 23:39:45,TSM,1631,Evil Geniuses,0
ESPORTSTMNT01_3403380,TSM,Evil Geniuses,LCS,2023-07-28 00:28:23,Evil Geniuses,1282,Evil Geniuses,1
ESPORTSTMNT01_3403577,Team Liquid,NRG Kia,LCS,2023-07-28 22:14:31,NRG Kia,2261,Team Liquid,1
ESPORTSTMNT01_3408355,TSM,Dignitas,LCS,2023-08-03 21:57:44,TSM,2363,TSM,0
ESPORTSTMNT01_3408364,Dignitas,TSM,LCS,2023-08-03 23:12:30,Dignitas,1389,Dignitas,0
ESPORTSTMNT01_3408372,Dignitas,TSM,LCS,2023-08-04 00:09:33,TSM,2732,TSM,1
ESPORTSTMNT01_3408908,Cloud9,Evil Geniuses,LCS,2023-08-05 21:07:23,Cloud9,2405,Evil Geniuses,1
ESPORTSTMNT01_3409279,TSM,Dignitas,LCS,2023-08-03 21:07:08,Dignitas,1608,Dignitas,1
ESPORTSTMNT01_3409320,Dignitas,TSM,LCS,2023-08-04 01:14:20,Dignitas,2136,TSM,0
ESPORTSTMNT01_3409559,Team Liquid,100 Thieves,LCS,2023-08-04 21:08:23,Team Liquid,2503,100 Thieves,0
ESPORTSTMNT01_3409583,Team Liquid,100 Thieves,LCS,2023-08-04 22:12:50,100 Thieves,1648,100 Thieves,1
ESPORTSTMNT01_3409589,100 Thieves,Team Liquid,LCS,2023-08-04 23:05:55,Team Liquid,1938,Team Liquid,1
ESPORTSTMNT01_3409592,100 Thieves,Team Liquid,LCS,2023-08-04 23:59:53,Team Liquid,1925,Team Liquid,1
ESPORTSTMNT01_3409908,Evil Geniuses,Cloud9,LCS,2023-08-05 22:08:31,Cloud9,1808,Cloud9,1
ESPORTSTMNT01_3410017,Cloud9,Evil Geniuses,LCS,2023-08-05 23:03:26,Cloud9,1681,Evil Geniuses,1
ESPORTSTMNT01_3410273,NRG Kia,Golden Guardians,LCS,2023-08-06 22:02:09,NRG Kia,2254,NRG Kia,0
ESPORTSTMNT01_3410276,Golden Guardians,NRG Kia,LCS,2023-08-06 23:58:34,NRG Kia,1746,NRG Kia,1
ESPORTSTMNT01_3411210,Golden Guardians,NRG Kia,LCS,2023-08-06 21:06:21,NRG Kia,1979,Golden Guardians,0
ESPORTSTMNT01_3412203,Golden Guardians,NRG Kia,LCS,2023-08-06 23:00:27,Golden Guardians,1960,Golden Guardians,1
ESPORTSTMNT01_3412967,Team Liquid,Evil Geniuses,LCS,2023-08-10 21:59:34,Team Liquid,1269,Team Liquid,2
ESPORTSTMNT01_3412971,Team Liquid,Evil Geniuses,LCS,2023-08-10 23:37:02,Team Liquid,1456,Team Liquid,0
ESPORTSTMNT01_3413045,Team Liquid,Evil Geniuses,LCS,2023-08-10 22:45:12,Evil Geniuses,1837,Team Liquid,1
ESPORTSTMNT01_3413227,Dignitas,Golden Guardians,LCS,2023-08-11 22:00:15,Golden Guardians,1398,Golden Guardians,1
ESPORTSTMNT01_3413229,Dignitas,Golden Guardians,LCS,2023-08-11 22:46:09,Golden Guardians,1551,Dignitas,1
ESPORTSTMNT01_3413353,NRG Kia,Cloud9,LCS,2023-08-12 23:01:40,Cloud9,2519,Cloud9,0
ESPORTSTMNT01_3414014,Team Liquid,Evil Geniuses,LCS,2023-08-10 21:10:37,Team Liquid,1633,Team Liquid,0
ESPORTSTMNT01_3414314,Cloud9,NRG Kia,LCS,2023-08-12 21:06:34,Cloud9,2000,NRG Kia,0
ESPORTSTMNT01_3414318,NRG Kia,Cloud9,LCS,2023-08-12 22:03:24,Cloud9,2252,Cloud9,1
ESPORTSTMNT01_3414426,Golden Guardians,Team Liquid,LCS,2023-08-13 21:11:33,Team Liquid,1809,Team Liquid,0
ESPORTSTMNT01_3414439,Golden Guardians,Team Liquid,LCS,2023-08-13 22:48:05,Golden Guardians,1946,Golden Guardians,0
ESPORTSTMNT01_3414442,Golden Guardians,Team Liquid,LCS,2023-08-14 01:25:01,Team Liquid,2204,Golden Guardians,1
ESPORTSTMNT01_3415121,Golden Guardians,Dignitas,LCS,2023-08-11 21:06:55,Golden Guardians,1909,Golden Guardians,0
ESPORTSTMNT01_3415406,Golden Guardians,Team Liquid,LCS,2023-08-13 22:04:23,Team Liquid,1413,Golden Guardians,1
ESPORTSTMNT01_3415408,Team Liquid,Golden Guardians,LCS,2023-08-13 23:41:16,Golden Guardians,2261,Golden Guardians,1
ESPORTSTMNT01_3416179,NRG Kia,Team Liquid,LCS,2023-08-19 20:18:53,NRG Kia,1842,NRG Kia,1
ESPORTSTMNT01_3416186,Team Liquid,NRG Kia,LCS,2023-08-19 23:02:15,Team Liquid,1137,Team Liquid,2
ESPORTSTMNT01_3416273,NRG Kia,Cloud9,LCS,2023-08-20 21:14:20,NRG Kia,1958,NRG Kia,0
ESPORTSTMNT01_3416274,Cloud9,NRG Kia,LCS,2023-08-20 22:09:52,NRG Kia,2516,NRG Kia,1
ESPORTSTMNT01_3417100,NRG Kia,Team Liquid,LCS,2023-08-19 21:12:42,Team Liquid,2086,Team Liquid,1
ESPORTSTMNT01_3417103,NRG Kia,Team Liquid,LCS,2023-08-19 22:11:41,NRG Kia,1400,NRG Kia,0
ESPORTSTMNT01_3417104,NRG Kia,Team Liquid,LCS,2023-08-19 23:42:58,NRG Kia,2110,Team Liquid,0
ESPORTSTMNT01_3417173,Cloud9,NRG Kia,LCS,2023-08-20 20:19:23,Cloud9,1925,Cloud9,0
ESPORTSTMNT01_3417177,Cloud9,NRG Kia,LCS,2023-08-20 23:14:37,NRG Kia,2343,Cloud9,1
ESPORTSTMNT02_2551857,Team Liquid,Dignitas,LCS,2022-01-28 21:53:04,Dignitas,2588,Team Liquid,1
ESPORTSTMNT02_2552297,Evil Geniuses,Cloud9,LCS,2022-01-29 20:45:31,Evil Geniuses,1574,Evil Geniuses,0
ESPORTSTMNT02_2552332,Cloud9,Evil Geniuses,LCS,2022-01-29 22:00:54,Evil Geniuses,1781,Evil Geniuses,1
ESPORTSTMNT02_2552343,Cloud9,Evil Geniuses,LCS,2022-01-29 22:52:36,Evil Geniuses,1786,Evil Geniuses,2
ESPORTSTMNT02_2552854,Evil Geniuses,Team Liquid,LCS,2022-01-30 21:02:22,Team Liquid,2043,Team Liquid,0
ESPORTSTMNT02_2552876,Team Liquid,Evil Geniuses,LCS,2022-01-30 21:59:02,Team Liquid,1852,Evil Geniuses,0
ESPORTSTMNT02_2571870,Team Liquid,Dignitas,LCS,2022-01-28 23:22:12,Team Liquid,2003,Dignitas,0
ESPORTSTMNT02_2571892,Dignitas,Team Liquid,LCS,2022-01-29 00:17:44,Team Liquid,2130,Team Liquid,1
ESPORTSTMNT02_2571901,Dignitas,Team Liquid,LCS,2022-01-29 01:13:24,Team Liquid,2036,Team Liquid,1
ESPORTSTMNT02_2572808,Evil Geniuses,Team Liquid,LCS,2022-01-30 18:42:24,Team Liquid,1584,Team Liquid,1
ESPORTSTMNT02_2575958,Evil Geniuses,TSM,LCS,2022-02-05 20:33:18,Evil Geniuses,2031,Evil Geniuses,0
ESPORTSTMNT02_2575995,Counter Logic Gaming,FlyQuest,LCS,2022-02-05 22:16:56,FlyQuest,2936,Counter Logic Gaming,0
ESPORTSTMNT02_2576032,Team Liquid,100 Thieves,LCS,2022-02-05 23:40:17,100 Thieves,2412,Team Liquid,1
ESPORTSTMNT02_2576065,Golden Guardians,Cloud9,LCS,2022-02-06 00:57:23,Cloud9,1565,Golden Guardians,1
ESPORTSTMNT02_2576077,Dignitas,Immortals,LCS,2022-02-06 01:52:58,Dignitas,1888,Dignitas,0
ESPORTSTMNT02_2576404,100 Thieves,Counter Logic Gaming,LCS,2022-02-06 18:24:54,100 Thieves,1889,100 Thieves,0
ESPORTSTMNT02_2576516,TSM,Dignitas,LCS,2022-02-06 21:12:45,Dignitas,2274,Dignitas,1
ESPORTSTMNT02_2576552,Cloud9,Evil Geniuses,LCS,2022-02-06 22:19:59,Cloud9,2327,Cloud9,1
ESPORTSTMNT02_2576568,FlyQuest,Golden Guardians,LCS,2022-02-06 23:28:15,FlyQuest,2049,Golden Guardians,1
ESPORTSTMNT02_2576579,Immortals,Team Liquid,LCS,2022-02-07 00:30:16,Team Liquid,1745,Team Liquid,1
ESPORTSTMNT02_2660584,Cloud9,Team Liquid,LCS,2022-03-13 18:59:56,Cloud9,1900,Cloud9,0
ESPORTSTMNT02_2660650,FlyQuest,100 Thieves,LCS,2022-03-13 20:16:37,100 Thieves,1918,100 Thieves,1
ESPORTSTMNT02_2660672,TSM,Evil Geniuses,LCS,2022-03-13 21:16:11,Evil Geniuses,1488,Evil Geniuses,1
ESPORTSTMNT02_2660703,Dignitas,Immortals,LCS,2022-03-13 22:11:02,Dignitas,1799,Dignitas,0
ESPORTSTMNT02_2660724,Golden Guardians,Counter Logic Gaming,LCS,2022-03-13 23:02:48,Counter Logic Gaming,2043,Counter Logic Gaming,2
ESPORTSTMNT02_2670222,Golden Guardians,100 Thieves,LCS,2022-03-12 21:07:29,100 Thieves,2769,Golden Guardians,0
ESPORTSTMNT02_2670260,FlyQuest,Counter Logic Gaming,LCS,2022-03-12 22:28:52,Counter Logic Gaming,2355,FlyQuest,1
ESPORTSTMNT02_2670281,Evil Geniuses,Team Liquid,LCS,2022-03-12 23:34:14,Team Liquid,2263,Team Liquid,0
ESPORTSTMNT02_2670306,Cloud9,Immortals,LCS,2022-03-13 00:38:37,Cloud9,1555,Cloud9,0
ESPORTSTMNT02_2670314,TSM,Dignitas,LCS,2022-03-13 01:27:17,Dignitas,2389,Dignitas,0
ESPORTSTMNT02_2964242,Evil Geniuses,TSM,LCS,2022-09-02 20:28:02,TSM,2783,TSM,0
ESPORTSTMNT02_2964246,Evil Geniuses,TSM,LCS,2022-09-02 21:19:09,Evil Geniuses,2188,Evil Geniuses,0
ESPORTSTMNT02_2964331,TSM,Evil Geniuses,LCS,2022-09-03 00:51:54,Evil Geniuses,2039,Evil Geniuses,1
ESPORTSTMNT02_2964360,Evil Geniuses,TSM,LCS,2022-09-03 01:39:26,TSM,1739,TSM,1
ESPORTSTMNT02_2964393,Evil Geniuses,TSM,LCS,2022-09-03 02:36:08,Evil Geniuses,2552,Evil Geniuses,1
ESPORTSTMNT02_2965231,100 Thieves,Evil Geniuses,LCS,2022-09-10 19:07:58,Evil Geniuses,2168,100 Thieves,1
ESPORTSTMNT02_2965252,100 Thieves,Evil Geniuses,LCS,2022-09-10 21:02:42,100 Thieves,1773,Evil Geniuses,0
ESPORTSTMNT02_2965253,Evil Geniuses,100 Thieves,LCS,2022-09-10 21:55:10,Evil Geniuses,1834,Evil Geniuses,0
ESPORTSTMNT02_2965254,100 Thieves,Evil Geniuses,LCS,2022-09-10 22:48:05,100 Thieves,2002,100 Thieves,0
ESPORTSTMNT02_2965255,Evil Geniuses,100 Thieves,LCS,2022-09-10 23:50:48,100 Thieves,1827,Evil Geniuses,1
ESPORTSTMNT02_2965292,Cloud9,100 Thieves,LCS,2022-09-11 19:01:36,Cloud9,1661,Cloud9,0
ESPORTSTMNT02_2965320,100 Thieves,Cloud9,LCS,2022-09-11 20:51:39,Cloud9,1493,100 Thieves,1
ESPORTSTMNT02_2965321,100 Thieves,Cloud9,LCS,2022-09-11 21:34:49,Cloud9,1800,Cloud9,1
ESPORTSTMNT02_2971426,Team Liquid,FlyQuest,LCS,2022-08-20 19:32:26,FlyQuest,2369,Team Liquid,1
ESPORTSTMNT02_2971440,Team Liquid,FlyQuest,LCS,2022-08-20 20:51:11,Team Liquid,1592,Team Liquid,0
ESPORTSTMNT02_2971445,FlyQuest,Team Liquid,LCS,2022-08-20 21:41:53,Team Liquid,1847,Team Liquid,1
ESPORTSTMNT02_2971451,FlyQuest,Team Liquid,LCS,2022-08-20 22:33:29,Team Liquid,1490,Team Liquid,1
ESPORTSTMNT02_2971588,Cloud9,Counter Logic Gaming,LCS,2022-08-21 19:33:00,Cloud9,1981,Cloud9,1
ESPORTSTMNT02_2971607,Counter Logic Gaming,Cloud9,LCS,2022-08-21 20:43:41,Counter Logic Gaming,2660,Counter Logic Gaming,0
ESPORTSTMNT02_2971612,Cloud9,Counter Logic Gaming,LCS,2022-08-21 21:50:53,Cloud9,1969,Counter Logic Gaming,0
ESPORTSTMNT02_2971617,Counter Logic Gaming,Cloud9,LCS,2022-08-21 22:46:51,Counter Logic Gaming,1902,Counter Logic Gaming,0
ESPORTSTMNT02_2971625,Cloud9,Counter Logic Gaming,LCS,2022-08-21 23:47:14,Cloud9,2229,Cloud9,1
ESPORTSTMNT02_2972426,FlyQuest,TSM,LCS,2022-08-25 19:37:29,TSM,1887,TSM,1
ESPORTSTMNT02_2972450,FlyQuest,TSM,LCS,2022-08-25 20:44:37,FlyQuest,1599,FlyQuest,0
ESPORTSTMNT02_2972456,TSM,FlyQuest,LCS,2022-08-25 21:31:35,FlyQuest,1597,FlyQuest,1
ESPORTSTMNT02_2972466,TSM,FlyQuest,LCS,2022-08-25 22:22:33,TSM,2123,FlyQuest,0
ESPORTSTMNT02_2972472,FlyQuest,TSM,LCS,2022-08-25 23:38:28,TSM,2529,FlyQuest,0
ESPORTSTMNT02_2972580,Counter Logic Gaming,Golden Guardians,LCS,2022-08-26 18:47:11,Counter Logic Gaming,2708,Counter Logic Gaming,0
ESPORTSTMNT02_2972611,Golden Guardians,Counter Logic Gaming,LCS,2022-08-26 20:55:35,Golden Guardians,1929,Golden Guardians,0
ESPORTSTMNT02_2972619,Counter Logic Gaming,Golden Guardians,LCS,2022-08-26 21:50:11,Counter Logic Gaming,2128,Counter Logic Gaming,0
ESPORTSTMNT02_2972636,Golden Guardians,Counter Logic Gaming,LCS,2022-08-26 22:49:05,Golden Guardians,2086,Golden Guardians,0
ESPORTSTMNT02_2972645,Counter Logic Gaming,Golden Guardians,LCS,2022-08-26 23:45:36,Counter Logic Gaming,2446,Golden Guardians,0
ESPORTSTMNT02_2972750,100 Thieves,Team Liquid,LCS,2022-08-27 18:45:31,100 Thieves,1830,100 Thieves,0
ESPORTSTMNT02_2972772,Team Liquid,100 Thieves,LCS,2022-08-27 20:41:00,100 Thieves,1512,Team Liquid,1
ESPORTSTMNT02_2972775,100 Thieves,Team Liquid,LCS,2022-08-27 21:29:45,Team Liquid,1975,100 Thieves,1
ESPORTSTMNT02_2972776,100 Thieves,Team Liquid,LCS,2022-08-27 22:23:09,Team Liquid,1696,Team Liquid,1
ESPORTSTMNT02_2972778,100 Thieves,Team Liquid,LCS,2022-08-27 23:11:47,100 Thieves,1899,100 Thieves,1
ESPORTSTMNT02_2972872,Evil Geniuses,Cloud9,LCS,2022-08-28 19:43:29,Cloud9,1897,Evil Geniuses,1
ESPORTSTMNT02_2972890,Cloud9,Evil Geniuses,LCS,2022-08-28 20:42:22,Cloud9,2112,Cloud9,1
ESPORTSTMNT02_2972899,Cloud9,Evil Geniuses,LCS,2022-08-28 21:40:02,Evil Geniuses,2249,Evil Geniuses,1
ESPORTSTMNT02_2972906,Cloud9,Evil Geniuses,LCS,2022-08-28 22:40:24,Cloud9,2065,Cloud9,1
ESPORTSTMNT02_2973526,Team Liquid,Counter Logic Gaming,LCS,2022-09-01 19:27:30,Counter Logic Gaming,1570,Counter Logic Gaming,1
ESPORTSTMNT02_2973546,Counter Logic Gaming,Team Liquid,LCS,2022-09-01 20:36:39,Counter Logic Gaming,2470,Counter Logic Gaming,1
ESPORTSTMNT02_2973549,Team Liquid,Counter Logic Gaming,LCS,2022-09-01 21:40:42,Team Liquid,1743,Counter Logic Gaming,0
ESPORTSTMNT02_2973551,Counter Logic Gaming,Team Liquid,LCS,2022-09-01 22:33:10,Team Liquid,1425,Team Liquid,1
ESPORTSTMNT02_2973559,Counter Logic Gaming,Team Liquid,LCS,2022-09-01 23:20:28,Team Liquid,1836,Team Liquid,1
ESPORTSTMNT02_2974101,100 Thieves,Cloud9,LCS,2022-09-03 19:16:16,Cloud9,2635,Cloud9,1
ESPORTSTMNT02_2974115,100 Thieves,Cloud9,LCS,2022-09-03 20:54:24,100 Thieves,2195,Cloud9,0
ESPORTSTMNT02_2974117,Cloud9,100 Thieves,LCS,2022-09-03 22:01:13,Cloud9,1871,Cloud9,0
ESPORTSTMNT02_2974118,100 Thieves,Cloud9,LCS,2022-09-03 22:49:38,Cloud9,2604,Cloud9,0
ESPORTSTMNT02_2974427,Evil Geniuses,Team Liquid,LCS,2022-09-04 19:29:43,Evil Geniuses,2319,Team Liquid,0
ESPORTSTMNT02_2974440,Team Liquid,Evil Geniuses,LCS,2022-09-04 20:47:35,Team Liquid,2010,Team Liquid,0
ESPORTSTMNT02_2974441,Evil Geniuses,Team Liquid,LCS,2022-09-04 21:44:55,Team Liquid,2184,Evil Geniuses,1
ESPORTSTMNT02_2974442,Evil Geniuses,Team Liquid,LCS,2022-09-04 22:44:29,Evil Geniuses,1831,Evil Geniuses,0
ESPORTSTMNT02_2974443,Team Liquid,Evil Geniuses,LCS,2022-09-04 23:38:13,Evil Geniuses,2500,Evil Geniuses,0
ESPORTSTMNT02_3139796,Team Liquid,FlyQuest,LCS,2023-01-27 00:33:09,FlyQuest,1896,FlyQuest,1
ESPORTSTMNT02_3139906,Counter Logic Gaming,Evil Geniuses,LCS,2023-01-27 22:10:06,Counter Logic Gaming,2650,Evil Geniuses,1
ESPORTSTMNT02_3139934,Golden Guardians,Cloud9,LCS,2023-01-27 23:19:27,Cloud9,1532,Cloud9,1
ESPORTSTMNT02_3139949,Team Liquid,TSM,LCS,2023-01-28 00:11:37,TSM,2406,Team Liquid,1
ESPORTSTMNT02_3139954,100 Thieves,Immortals,LCS,2023-01-28 01:27:36,100 Thieves,1700,100 Thieves,0
ESPORTSTMNT02_3140740,Cloud9,100 Thieves,LCS,2023-01-26 22:16:48,Cloud9,1954,Cloud9,1
ESPORTSTMNT02_3140782,Immortals,TSM,LCS,2023-01-27 02:32:56,TSM,1894,Immortals,1
ESPORTSTMNT02_3141793,Evil Geniuses,Golden Guardians,LCS,2023-01-26 23:18:55,Evil Geniuses,2582,Golden Guardians,1
ESPORTSTMNT02_3141821,Counter Logic Gaming,Dignitas,LCS,2023-01-27 01:35:11,Counter Logic Gaming,1832,Counter Logic Gaming,0
ESPORTSTMNT02_3141970,FlyQuest,Dignitas,LCS,2023-01-28 02:21:45,FlyQuest,1734,FlyQuest,0
ESPORTSTMNT02_3148829,FlyQuest,Immortals,LCS,2023-02-15 23:16:43,FlyQuest,1693,FlyQuest,0
ESPORTSTMNT02_3148844,Team Liquid,Counter Logic Gaming,LCS,2023-02-16 00:13:19,Counter Logic Gaming,1913,Counter Logic Gaming,1
ESPORTSTMNT02_3150774,Evil Geniuses,100 Thieves,LCS,2023-02-15 22:07:50,Evil Geniuses,2706,Evil Geniuses,0
ESPORTSTMNT02_3150832,Dignitas,Cloud9,LCS,2023-02-16 01:09:25,Cloud9,1794,Dignitas,1
ESPORTSTMNT02_3150844,TSM,Golden Guardians,LCS,2023-02-16 01:59:22,Golden Guardians,1991,Golden Guardians,1
ESPORTSTMNT02_3151589,Cloud9,Team Liquid,LCS,2023-02-17 23:59:32,Cloud9,2493,Team Liquid,0
ESPORTSTMNT02_3151621,Golden Guardians,100 Thieves,LCS,2023-02-18 02:00:56,Golden Guardians,2067,Golden Guardians,0
ESPORTSTMNT02_3152181,Immortals,Cloud9,LCS,2023-02-16 23:15:42,Cloud9,1729,Immortals,1
ESPORTSTMNT02_3152188,100 Thieves,Counter Logic Gaming,LCS,2023-02-17 00:10:56,Counter Logic Gaming,2094,100 Thieves,1
ESPORTSTMNT02_3152211,TSM,FlyQuest,LCS,2023-02-17 01:13:49,TSM,2297,TSM,0
ESPORTSTMNT02_3152228,Golden Guardians,Dignitas,LCS,2023-02-17 02:15:46,Golden Guardians,1714,Golden Guardians,0
ESPORTSTMNT02_3152523,Immortals,Evil Geniuses,LCS,2023-02-17 23:04:00,Evil Geniuses,1976,Immortals,1
ESPORTSTMNT02_3152568,Dignitas,TSM,LCS,2023-02-18 01:03:30,TSM,1916,TSM,1
ESPORTSTMNT02_3153139,Evil Geniuses,Team Liquid,LCS,2023-02-16 22:07:17,Evil Geniuses,2686,Team Liquid,1
ESPORTSTMNT02_3153529,Counter Logic Gaming,FlyQuest,LCS,2023-02-17 22:07:55,FlyQuest,1780,Counter Logic Gaming,1
ESPORTSTMNT02_3160853,Evil Geniuses,Dignitas,LCS,2023-02-24 01:53:29,Dignitas,2207,Evil Geniuses,1
ESPORTSTMNT02_3161695,FlyQuest,100 Thieves,LCS,2023-02-23 22:06:52,FlyQuest,2020,FlyQuest,0
ESPORTSTMNT02_3162662,Team Liquid,Immortals,LCS,2023-02-23 23:02:57,Team Liquid,1686,Team Liquid,0
ESPORTSTMNT02_3162683,Cloud9,Golden Guardians,LCS,2023-02-23 23:52:26,Golden Guardians,2155,Golden Guardians,1
ESPORTSTMNT02_3162712,Counter Logic Gaming,TSM,LCS,2023-02-24 00:51:53,Counter Logic Gaming,2278,TSM,0
ESPORTSTMNT02_3163371,100 Thieves,Team Liquid,LCS,2023-02-25 01:00:01,100 Thieves,2494,Team Liquid,1
ESPORTSTMNT02_3163394,Dignitas,FlyQuest,LCS,2023-02-25 02:05:51,FlyQuest,2137,FlyQuest,1
ESPORTSTMNT02_3164252,TSM,Cloud9,LCS,2023-02-24 22:07:24,Cloud9,1596,Cloud9,1
ESPORTSTMNT02_3164302,Immortals,Counter Logic Gaming,LCS,2023-02-24 22:57:27,Counter Logic Gaming,1998,Counter Logic Gaming,1
ESPORTSTMNT02_3165238,Golden Guardians,Evil Geniuses,LCS,2023-02-25 00:02:31,Golden Guardians,1962,Golden Guardians,1
ESPORTSTMNT02_3207756,NRG Kia,TSM,LCS,2023-06-22 21:05:29,TSM,1595,NRG Kia,1
ESPORTSTMNT02_3207804,100 Thieves,Cloud9,LCS,2023-06-22 22:42:44,Cloud9,1606,Cloud9,1
ESPORTSTMNT02_3207834,Evil Geniuses,FlyQuest,LCS,2023-06-23 00:38:45,Evil Geniuses,2189,Evil Geniuses,0
ESPORTSTMNT02_3208561,Dignitas,Golden Guardians,LCS,2023-06-21 21:07:31,Golden Guardians,1988,Dignitas,1
ESPORTSTMNT02_3208604,Immortals,TSM,LCS,2023-06-21 23:56:26,TSM,1827,Immortals,1
ESPORTSTMNT02_3208818,Dignitas,Team Liquid,LCS,2023-06-22 23:33:06,Dignitas,2428,Team Liquid,1
ESPORTSTMNT02_3208994,Golden Guardians,TSM,LCS,2023-06-23 21:08:04,Golden Guardians,1947,TSM,0
ESPORTSTMNT02_3209624,Team Liquid,NRG Kia,LCS,2023-06-21 22:08:10,Team Liquid,1861,Team Liquid,0
ESPORTSTMNT02_3209643,Cloud9,FlyQuest,LCS,2023-06-21 23:03:18,Cloud9,1704,Cloud9,0
ESPORTSTMNT02_3209665,100 Thieves,Evil Geniuses,LCS,2023-06-22 00:52:00,Evil Geniuses,1663,Evil Geniuses,1
ESPORTSTMNT02_3209828,Immortals,Golden Guardians,LCS,2023-06-22 21:55:29,Golden Guardians,1573,Golden Guardians,1
ESPORTSTMNT02_3210080,Cloud9,NRG Kia,LCS,2023-06-24 00:55:55,NRG Kia,1799,Cloud9,1
ESPORTSTMNT02_3211039,Team Liquid,Evil Geniuses,LCS,2023-06-23 23:03:58,Evil Geniuses,2285,Evil Geniuses,1
ESPORTSTMNT02_3211054,FlyQuest,Dignitas,LCS,2023-06-24 00:06:56,Dignitas,1538,Dignitas,1
ESPORTSTMNT02_3212009,Immortals,100 Thieves,LCS,2023-06-23 22:02:35,100 Thieves,2157,Immortals,1
ESPORTSTMNT02_3213593,NRG Kia,FlyQuest,LCS,2023-06-29 21:06:56,FlyQuest,2204,NRG Kia,1
ESPORTSTMNT02_3213623,Team Liquid,Cloud9,LCS,2023-06-29 22:07:19,Team Liquid,1698,Team Liquid,0
ESPORTSTMNT02_3213927,Team Liquid,Golden Guardians,LCS,2023-06-30 21:54:49,Golden Guardians,1986,Golden Guardians,1
ESPORTSTMNT02_3214268,FlyQuest,Team Liquid,LCS,2023-06-28 22:00:07,FlyQuest,2650,FlyQuest,0
ESPORTSTMNT02_3214284,NRG Kia,Golden Guardians,LCS,2023-06-28 23:08:46,NRG Kia,3016,NRG Kia,0
ESPORTSTMNT02_3214306,100 Thieves,Dignitas,LCS,2023-06-29 00:26:58,100 Thieves,1987,100 Thieves,0
ESPORTSTMNT02_3214601,Evil Geniuses,Immortals,LCS,2023-06-29 23:55:25,Evil Geniuses,1610,Evil Geniuses,0
ESPORTSTMNT02_3214865,Cloud9,Evil Geniuses,LCS,2023-06-30 21:08:05,Cloud9,1330,Cloud9,0
ESPORTSTMNT02_3214927,100 Thieves,TSM,LCS,2023-06-30 23:47:42,100 Thieves,1987,100 Thieves,0
ESPORTSTMNT02_3214937,Immortals,FlyQuest,LCS,2023-07-01 00:43:54,FlyQuest,1411,FlyQuest,1
ESPORTSTMNT02_3215249,Evil Geniuses,TSM,LCS,2023-06-28 21:06:50,Evil Geniuses,1774,Evil Geniuses,0
ESPORTSTMNT02_3215315,Cloud9,Immortals,LCS,2023-06-29 01:22:34,Cloud9,1571,Cloud9,0
ESPORTSTMNT02_3216120,Dignitas,TSM,LCS,2023-06-29 22:59:18,Dignitas,1906,Dignitas,0
ESPORTSTMNT02_3216144,100 Thieves,Golden Guardians,LCS,2023-06-30 00:46:27,Golden Guardians,2388,Golden Guardians,0
ESPORTSTMNT02_3216444,Dignitas,NRG Kia,LCS,2023-06-30 22:50:31,Dignitas,2068,Dignitas,0
ESPORTSTMNT03_2547274,Dignitas,FlyQuest,LCS,2022-02-20 00:03:36,FlyQuest,2299,FlyQuest,1
ESPORTSTMNT03_2547288,Counter Logic Gaming,Cloud9,LCS,2022-02-20 01:05:49,Counter Logic Gaming,2296,Counter Logic Gaming,0
ESPORTSTMNT03_2547803,Evil Geniuses,Immortals,LCS,2022-02-20 19:39:45,Immortals,2213,Immortals,1
ESPORTSTMNT03_2547919,100 Thieves,FlyQuest,LCS,2022-02-20 21:46:32,FlyQuest,2601,100 Thieves,1
ESPORTSTMNT03_2547961,TSM,Cloud9,LCS,2022-02-20 22:57:20,Cloud9,1956,Cloud9,1
ESPORTSTMNT03_2547983,Golden Guardians,Dignitas,LCS,2022-02-20 23:53:29,Golden Guardians,2485,Golden Guardians,0
ESPORTSTMNT03_2547997,Counter Logic Gaming,Team Liquid,LCS,2022-02-21 00:57:57,Team Liquid,1721,Team Liquid,0
ESPORTSTMNT03_2562368,Dignitas,Evil Geniuses,LCS,2022-02-12 20:53:38,Evil Geniuses,2761,Dignitas,1
ESPORTSTMNT03_2562407,100 Thieves,Immortals,LCS,2022-02-12 22:32:29,Immortals,2073,100 Thieves,0
ESPORTSTMNT03_2562433,Team Liquid,Cloud9,LCS,2022-02-12 23:29:28,Team Liquid,2334,Cloud9,1
ESPORTSTMNT03_2562453,Golden Guardians,Counter Logic Gaming,LCS,2022-02-13 00:45:41,Golden Guardians,2350,Golden Guardians,0
ESPORTSTMNT03_2562462,TSM,FlyQuest,LCS,2022-02-13 01:44:02,FlyQuest,1512,TSM,1
ESPORTSTMNT03_2563015,Immortals,Cloud9,LCS,2022-02-13 19:57:16,Cloud9,1831,Cloud9,1
ESPORTSTMNT03_2563081,TSM,Golden Guardians,LCS,2022-02-13 21:09:56,Golden Guardians,2616,Golden Guardians,0
ESPORTSTMNT03_2563115,Evil Geniuses,100 Thieves,LCS,2022-02-13 22:22:50,100 Thieves,2289,100 Thieves,1
ESPORTSTMNT03_2563144,FlyQuest,Team Liquid,LCS,2022-02-13 23:25:01,Team Liquid,2251,FlyQuest,1
ESPORTSTMNT03_2563162,Counter Logic Gaming,Dignitas,LCS,2022-02-14 00:28:02,Dignitas,2235,Dignitas,1
ESPORTSTMNT03_2566899,Golden Guardians,100 Thieves,LCS,2022-02-19 20:54:27,100 Thieves,1608,100 Thieves,1
ESPORTSTMNT03_2566930,TSM,Immortals,LCS,2022-02-19 22:06:16,TSM,2034,Immortals,1
ESPORTSTMNT03_2566948,Team Liquid,Evil Geniuses,LCS,2022-02-19 23:05:09,Team Liquid,1673,Team Liquid,0
ESPORTSTMNT03_2634097,Evil Geniuses,Counter Logic Gaming,LCS,2022-03-27 20:08:54,Evil Geniuses,1308,Evil Geniuses,2
ESPORTSTMNT03_2634121,Cloud9,FlyQuest,LCS,2022-03-27 21:00:14,FlyQuest,2148,Cloud9,1
ESPORTSTMNT03_2634141,Golden Guardians,Immortals,LCS,2022-03-27 21:59:54,Golden Guardians,1783,Golden Guardians,0
ESPORTSTMNT03_2634156,Team Liquid,TSM,LCS,2022-03-27 23:01:25,Team Liquid,1921,Team Liquid,1
ESPORTSTMNT03_2634166,Golden Guardians,FlyQuest,LCS,2022-03-28 00:06:57,FlyQuest,2223,Golden Guardians,1
ESPORTSTMNT03_2634183,FlyQuest,Evil Geniuses,LCS,2022-03-28 01:05:19,Evil Geniuses,1829,Evil Geniuses,1
ESPORTSTMNT03_2651488,Immortals,100 Thieves,LCS,2022-03-19 19:32:42,100 Thieves,1749,100 Thieves,1
ESPORTSTMNT03_2651524,Counter Logic Gaming,Team Liquid,LCS,2022-03-19 21:15:17,Team Liquid,1701,Team Liquid,1
ESPORTSTMNT03_2651549,Cloud9,TSM,LCS,2022-03-19 22:18:48,TSM,2137,TSM,0
ESPORTSTMNT03_2651558,Dignitas,Evil Geniuses,LCS,2022-03-19 23:15:16,Evil Geniuses,1999,Evil Geniuses,1
ESPORTSTMNT03_2651564,Golden Guardians,FlyQuest,LCS,2022-03-20 00:18:02,Golden Guardians,1630,FlyQuest,0
ESPORTSTMNT03_2651720,Evil Geniuses,100 Thieves,LCS,2022-03-20 18:54:22,100 Thieves,2910,100 Thieves,1
ESPORTSTMNT03_2651779,Golden Guardians,Dignitas,LCS,2022-03-20 20:29:23,Golden Guardians,1605,Golden Guardians,0
ESPORTSTMNT03_2651798,Team Liquid,FlyQuest,LCS,2022-03-20 21:20:35,FlyQuest,2463,Team Liquid,0
ESPORTSTMNT03_2651822,Cloud9,Counter Logic Gaming,LCS,2022-03-20 22:32:35,Cloud9,2131,Cloud9,0
ESPORTSTMNT03_2651851,Immortals,TSM,LCS,2022-03-20 23:33:01,TSM,1881,TSM,1
ESPORTSTMNT03_2653197,Golden Guardians,Team Liquid,LCS,2022-03-25 20:43:57,Team Liquid,1607,Team Liquid,2
ESPORTSTMNT03_2653245,Evil Geniuses,FlyQuest,LCS,2022-03-25 22:06:13,Evil Geniuses,1808,Evil Geniuses,0
ESPORTSTMNT03_2653275,Cloud9,Dignitas,LCS,2022-03-25 23:04:09,Cloud9,1792,Cloud9,0
ESPORTSTMNT03_2653287,Immortals,Counter Logic Gaming,LCS,2022-03-25 23:58:38,Counter Logic Gaming,2102,Immortals,0
ESPORTSTMNT03_2653320,TSM,100 Thieves,LCS,2022-03-26 00:57:43,100 Thieves,1678,TSM,1
ESPORTSTMNT03_2653566,Dignitas,Team Liquid,LCS,2022-03-26 19:56:40,Team Liquid,2348,Dignitas,1
ESPORTSTMNT03_2653610,Golden Guardians,Evil Geniuses,LCS,2022-03-26 21:42:43,Golden Guardians,1925,Golden Guardians,0
ESPORTSTMNT03_2653620,Cloud9,100 Thieves,LCS,2022-03-26 22:22:46,100 Thieves,1692,Cloud9,1
ESPORTSTMNT03_2653635,TSM,Counter Logic Gaming,LCS,2022-03-26 23:16:49,TSM,1618,TSM,0
ESPORTSTMNT03_2653642,FlyQuest,Immortals,LCS,2022-03-27 00:11:56,Immortals,1806,Immortals,1
ESPORTSTMNT03_2653824,Dignitas,100 Thieves,LCS,2022-03-27 18:58:39,Dignitas,1783,Dignitas,0
ESPORTSTMNT03_2781561,Cloud9,Golden Guardians,LCS,2022-06-18 20:41:00,Golden Guardians,1769,Golden Guardians,1
ESPORTSTMNT03_2781642,Team Liquid,Dignitas,LCS,2022-06-18 21:48:00,Team Liquid,1526,Team Liquid,0
ESPORTSTMNT03_2781702,Evil Geniuses,100 Thieves,LCS,2022-06-18 22:45:00,Evil Geniuses,1861,Evil Geniuses,0
ESPORTSTMNT03_2781724,TSM,Counter Logic Gaming,LCS,2022-06-18 23:42:00,Counter Logic Gaming,1989,TSM,1
ESPORTSTMNT03_2781759,FlyQuest,Immortals,LCS,2022-06-19 00:47:00,Immortals,2061,Immortals,0
ESPORTSTMNT03_2782165,100 Thieves,Dignitas,LCS,2022-06-19 18:56:11,100 Thieves,2235,Dignitas,2
ESPORTSTMNT03_2782252,FlyQuest,Evil Geniuses,LCS,2022-06-19 20:18:19,Evil Geniuses,2157,Evil Geniuses,1
ESPORTSTMNT03_2782295,Team Liquid,Cloud9,LCS,2022-06-19 21:19:13,Team Liquid,1838,Team Liquid,0
ESPORTSTMNT03_2782330,Golden Guardians,Counter Logic Gaming,LCS,2022-06-19 22:14:18,Counter Logic Gaming,1914,Counter Logic Gaming,1
ESPORTSTMNT03_2782366,Immortals,TSM,LCS,2022-06-19 23:18:46,TSM,1798,Immortals,1
ESPORTSTMNT03_2790886,Cloud9,Evil Geniuses,LCS,2022-06-17 21:46:00,Evil Geniuses,2711,Evil Geniuses,0
ESPORTSTMNT03_2790919,Golden Guardians,FlyQuest,LCS,2022-06-17 22:54:00,FlyQuest,1720,FlyQuest,1
ESPORTSTMNT03_2790941,100 Thieves,TSM,LCS,2022-06-17 23:51:00,100 Thieves,2111,100 Thieves,1
ESPORTSTMNT03_2790964,Immortals,Team Liquid,LCS,2022-06-18 00:53:00,Team Liquid,1521,Team Liquid,1
ESPORTSTMNT03_2790980,Dignitas,Counter Logic Gaming,LCS,2022-06-18 01:44:00,Counter Logic Gaming,1835,Counter Logic Gaming,1
ESPORTSTMNT03_2796770,Dignitas,Cloud9,LCS,2022-06-25 20:09:54,Cloud9,2032,Dignitas,0
ESPORTSTMNT03_2796826,100 Thieves,Golden Guardians,LCS,2022-06-25 21:15:01,100 Thieves,2349,Golden Guardians,0
ESPORTSTMNT03_2796873,TSM,Team Liquid,LCS,2022-06-25 22:23:17,TSM,1734,TSM,0
ESPORTSTMNT03_2796903,Evil Geniuses,Immortals,LCS,2022-06-25 23:19:22,Evil Geniuses,2408,Evil Geniuses,1
ESPORTSTMNT03_2796937,Counter Logic Gaming,FlyQuest,LCS,2022-06-26 00:27:52,FlyQuest,2412,Counter Logic Gaming,0
ESPORTSTMNT03_2797491,Golden Guardians,TSM,LCS,2022-06-26 18:34:13,Golden Guardians,2077,Golden Guardians,0
ESPORTSTMNT03_2797564,Team Liquid,FlyQuest,LCS,2022-06-26 20:08:27,Team Liquid,2172,FlyQuest,0
ESPORTSTMNT03_2797606,Cloud9,100 Thieves,LCS,2022-06-26 21:12:40,Cloud9,1981,Cloud9,0
ESPORTSTMNT03_2797653,Evil Geniuses,Counter Logic Gaming,LCS,2022-06-26 22:21:02,Counter Logic Gaming,2547,Counter Logic Gaming,1
ESPORTSTMNT03_2797677,Immortals,Dignitas,LCS,2022-06-26 23:38:06,Dignitas,1850,Dignitas,1
ESPORTSTMNT03_2884954,FlyQuest,Cloud9,LCS,2022-07-30 20:03:25,Cloud9,1618,Cloud9,1
ESPORTSTMNT03_2884984,100 Thieves,Dignitas,LCS,2022-07-30 21:15:46,100 Thieves,2178,100 Thieves,0
ESPORTSTMNT03_2885023,Team Liquid,TSM,LCS,2022-07-30 22:20:23,Team Liquid,1721,Team Liquid,0
ESPORTSTMNT03_2885040,Golden Guardians,Counter Logic Gaming,LCS,2022-07-30 23:17:45,Counter Logic Gaming,2221,Counter Logic Gaming,1
ESPORTSTMNT03_2885053,Immortals,Evil Geniuses,LCS,2022-07-31 00:20:18,Evil Geniuses,2786,Evil Geniuses,1
ESPORTSTMNT03_2885373,TSM,Golden Guardians,LCS,2022-07-31 19:14:01,TSM,1660,TSM,0
ESPORTSTMNT03_2885402,Evil Geniuses,FlyQuest,LCS,2022-07-31 20:05:47,Evil Geniuses,1632,Evil Geniuses,2
ESPORTSTMNT03_2885414,Cloud9,Team Liquid,LCS,2022-07-31 20:58:06,Cloud9,2277,Cloud9,0
ESPORTSTMNT03_2885425,100 Thieves,Immortals,LCS,2022-07-31 22:07:41,100 Thieves,1937,Immortals,2
ESPORTSTMNT03_2885434,Counter Logic Gaming,Dignitas,LCS,2022-07-31 23:04:53,Counter Logic Gaming,1760,Counter Logic Gaming,0
ESPORTSTMNT03_3114509,Counter Logic Gaming,100 Thieves,LCS,2023-03-03 22:07:46,Counter Logic Gaming,1828,Counter Logic Gaming,0
ESPORTSTMNT03_3114599,Team Liquid,TSM,LCS,2023-03-04 01:01:51,TSM,2005,TSM,1
ESPORTSTMNT03_3115161,100 Thieves,Cloud9,LCS,2023-03-03 00:19:28,Cloud9,1390,Cloud9,1
ESPORTSTMNT03_3115173,Golden Guardians,Team Liquid,LCS,2023-03-03 01:16:35,Team Liquid,1830,Team Liquid,1
ESPORTSTMNT03_3115567,Cloud9,Dignitas,LCS,2023-03-03 23:02:44,Cloud9,1813,Cloud9,0
ESPORTSTMNT03_3115587,Evil Geniuses,FlyQuest,LCS,2023-03-03 23:58:21,Evil Geniuses,2386,FlyQuest,0
ESPORTSTMNT03_3116064,FlyQuest,Counter Logic Gaming,LCS,2023-03-02 22:08:20,FlyQuest,2248,FlyQuest,1
ESPORTSTMNT03_3116100,TSM,Evil Geniuses,LCS,2023-03-02 23:09:01,Evil Geniuses,2602,TSM,1
ESPORTSTMNT03_3116154,Dignitas,Immortals,LCS,2023-03-03 02:11:32,Immortals,2811,Immortals,1
ESPORTSTMNT03_3116597,Immortals,Golden Guardians,LCS,2023-03-04 02:03:22,Golden Guardians,2040,Golden Guardians,1
ESPORTSTMNT03_3123916,FlyQuest,Immortals,LCS,2023-03-10 23:04:09,FlyQuest,1986,Immortals,0
ESPORTSTMNT03_3124379,FlyQuest,Team Liquid,LCS,2023-03-09 22:22:41,Team Liquid,1590,Team Liquid,1
ESPORTSTMNT03_3124934,Evil Geniuses,Counter Logic Gaming,LCS,2023-03-11 00:06:30,Evil Geniuses,2293,Evil Geniuses,0
ESPORTSTMNT03_3124972,Dignitas,100 Thieves,LCS,2023-03-11 01:15:34,100 Thieves,1701,100 Thieves,1
ESPORTSTMNT03_3124976,Golden Guardians,TSM,LCS,2023-03-11 02:07:28,Golden Guardians,1837,Golden Guardians,0
ESPORTSTMNT03_3125428,TSM,Immortals,LCS,2023-03-09 23:22:19,TSM,2661,TSM,1
ESPORTSTMNT03_3125864,Cloud9,Team Liquid,LCS,2023-03-10 22:07:50,Cloud9,1748,Team Liquid,0
ESPORTSTMNT03_3174792,Dignitas,Evil Geniuses,LCS,2023-07-05 23:02:43,Evil Geniuses,1984,Evil Geniuses,1
ESPORTSTMNT03_3174818,NRG Kia,Team Liquid,LCS,2023-07-06 00:48:57,NRG Kia,1860,Team Liquid,0
ESPORTSTMNT03_3175740,Immortals,TSM,LCS,2023-07-05 21:05:49,TSM,2403,Immortals,1
ESPORTSTMNT03_3175763,100 Thieves,FlyQuest,LCS,2023-07-05 22:08:28,100 Thieves,1788,FlyQuest,0
ESPORTSTMNT03_3176763,Golden Guardians,Cloud9,LCS,2023-07-05 23:57:57,Golden Guardians,1675,Golden Guardians,0
ESPORTSTMNT03_3177113,FlyQuest,Golden Guardians,LCS,2023-07-06 21:09:01,Golden Guardians,2119,Golden Guardians,1
ESPORTSTMNT03_3177481,Dignitas,FlyQuest,LCS,2023-07-07 21:07:36,Dignitas,1893,Dignitas,0
ESPORTSTMNT03_3178172,TSM,NRG Kia,LCS,2023-07-06 23:06:00,TSM,2101,TSM,0
ESPORTSTMNT03_3178195,Evil Geniuses,100 Thieves,LCS,2023-07-07 00:04:22,Evil Geniuses,1431,Evil Geniuses,0
ESPORTSTMNT03_3178517,NRG Kia,Evil Geniuses,LCS,2023-07-07 22:29:49,NRG Kia,1680,NRG Kia,0
ESPORTSTMNT03_3178542,Immortals,Cloud9,LCS,2023-07-07 23:21:57,Cloud9,1696,Cloud9,1
ESPORTSTMNT03_3178575,TSM,Golden Guardians,LCS,2023-07-08 01:09:51,TSM,1620,TSM,0
ESPORTSTMNT03_3179121,Cloud9,Dignitas,LCS,2023-07-06 22:11:19,Cloud9,1801,Cloud9,0
ESPORTSTMNT03_3179181,Team Liquid,Immortals,LCS,2023-07-07 00:50:49,Team Liquid,1493,Team Liquid,0
ESPORTSTMNT03_3179547,Team Liquid,100 Thieves,LCS,2023-07-08 00:14:00,Team Liquid,1662,Team Liquid,0
ESPORTSTMNT03_3183664,Golden Guardians,Evil Geniuses,LCS,2023-07-12 22:00:31,Golden Guardians,1151,Golden Guardians,2
ESPORTSTMNT03_3183997,NRG Kia,Dignitas,LCS,2023-07-13 21:08:16,NRG Kia,2629,Dignitas,0
ESPORTSTMNT03_3184662,Dignitas,TSM,LCS,2023-07-12 21:06:58,TSM,1753,TSM,1
ESPORTSTMNT03_3184735,Cloud9,Team Liquid,LCS,2023-07-12 23:37:31,Team Liquid,2313,Team Liquid,1
ESPORTSTMNT03_3184758,100 Thieves,Immortals,LCS,2023-07-13 00:40:23,Immortals,1596,Immortals,1
ESPORTSTMNT03_3185647,FlyQuest,NRG Kia,LCS,2023-07-12 22:45:24,NRG Kia,1646,NRG Kia,1
ESPORTSTMNT03_3186073,Cloud9,100 Thieves,LCS,2023-07-14 00:04:36,Cloud9,1628,100 Thieves,0
ESPORTSTMNT03_3186086,Immortals,Golden Guardians,LCS,2023-07-14 00:55:08,Golden Guardians,2095,Immortals,0
ESPORTSTMNT03_3186454,Cloud9,Evil Geniuses,LCS,2023-07-14 23:54:13,Cloud9,1546,Evil Geniuses,0
ESPORTSTMNT03_3187024,Evil Geniuses,FlyQuest,LCS,2023-07-13 22:16:01,FlyQuest,1462,FlyQuest,1
ESPORTSTMNT03_3187350,Team Liquid,FlyQuest,LCS,2023-07-14 21:06:47,Team Liquid,1801,Team Liquid,0
ESPORTSTMNT03_3187377,100 Thieves,TSM,LCS,2023-07-14 21:59:44,100 Thieves,1439,100 Thieves,0
ESPORTSTMNT03_3187394,Golden Guardians,NRG Kia,LCS,2023-07-14 22:51:22,NRG Kia,2154,Golden Guardians,1
ESPORTSTMNT03_3187432,Dignitas,Immortals,LCS,2023-07-15 00:41:42,Immortals,2126,Dignitas,1
ESPORTSTMNT03_3188009,Team Liquid,TSM,LCS,2023-07-13 23:03:23,TSM,2307,Team Liquid,0
ESPORTSTMNT03_3192370,Immortals,Evil Geniuses,LCS,2023-07-19 21:07:18,Evil Geniuses,1858,Evil Geniuses,1
ESPORTSTMNT03_3192430,Dignitas,100 Thieves,LCS,2023-07-20 00:43:43,Dignitas,2553,Dignitas,0
ESPORTSTMNT03_3192653,Cloud9,TSM,LCS,2023-07-20 22:07:10,Cloud9,1241,TSM,2
ESPORTSTMNT03_3192666,100 Thieves,NRG Kia,LCS,2023-07-20 22:53:00,100 Thieves,2108,NRG Kia,0
ESPORTSTMNT03_3192696,Golden Guardians,Dignitas,LCS,2023-07-21 00:48:02,Golden Guardians,2014,Golden Guardians,0
ESPORTSTMNT03_3192931,Cloud9,FlyQuest,LCS,2023-07-22 00:46:01,Cloud9,1534,FlyQuest,0
ESPORTSTMNT03_3193364,NRG Kia,Cloud9,LCS,2023-07-19 23:43:42,NRG Kia,2298,NRG Kia,0
ESPORTSTMNT03_3193826,Immortals,NRG Kia,LCS,2023-07-21 21:05:18,Immortals,1986,Immortals,0
ESPORTSTMNT03_3193869,Team Liquid,Dignitas,LCS,2023-07-21 23:51:42,Team Liquid,2004,Team Liquid,0
ESPORTSTMNT03_3194258,Golden Guardians,Team Liquid,LCS,2023-07-19 22:00:42,Golden Guardians,1710,Golden Guardians,0
ESPORTSTMNT03_3194274,FlyQuest,TSM,LCS,2023-07-19 22:52:50,FlyQuest,1499,FlyQuest,0
ESPORTSTMNT03_3194522,FlyQuest,Immortals,LCS,2023-07-20 21:06:43,FlyQuest,2324,Immortals,0
ESPORTSTMNT03_3194574,Team Liquid,Evil Geniuses,LCS,2023-07-20 23:52:44,Evil Geniuses,2071,Team Liquid,1
ESPORTSTMNT03_3194803,Evil Geniuses,TSM,LCS,2023-07-21 22:00:38,Evil Geniuses,1708,Evil Geniuses,0
ESPORTSTMNT03_3194810,100 Thieves,Golden Guardians,LCS,2023-07-21 22:52:23,Golden Guardians,2196,100 Thieves,1
ESPORTSTMNT03_3194836,Dignitas,100 Thieves,LCS,2023-07-22 01:31:55,Dignitas,1691,100 Thieves,1
ESPORTSTMNT03_3194842,Golden Guardians,Cloud9,LCS,2023-07-22 02:23:29,Cloud9,1533,Cloud9,1
ESPORTSTMNT04_2410494,TSM,Evil Geniuses,LCS,2022-07-02 20:14:47,Evil Geniuses,1555,Evil Geniuses,1
ESPORTSTMNT04_2410515,FlyQuest,Dignitas,LCS,2022-07-02 21:01:15,FlyQuest,1865,Dignitas,0
ESPORTSTMNT04_2410530,100 Thieves,Team Liquid,LCS,2022-07-02 21:57:22,100 Thieves,1951,Team Liquid,0
ESPORTSTMNT04_2410537,Golden Guardians,Immortals,LCS,2022-07-02 22:56:33,Golden Guardians,1913,Golden Guardians,0
ESPORTSTMNT04_2410546,Counter Logic Gaming,Cloud9,LCS,2022-07-02 23:56:58,Cloud9,1851,Counter Logic Gaming,2
ESPORTSTMNT04_2430701,Dignitas,TSM,LCS,2022-07-03 18:50:40,Dignitas,1766,Dignitas,0
ESPORTSTMNT04_2430730,Evil Geniuses,Golden Guardians,LCS,2022-07-03 20:04:57,Evil Geniuses,1731,Evil Geniuses,0
ESPORTSTMNT04_2430746,Cloud9,FlyQuest,LCS,2022-07-03 21:01:12,FlyQuest,1869,FlyQuest,1
ESPORTSTMNT04_2430761,Counter Logic Gaming,Team Liquid,LCS,2022-07-03 21:59:53,Team Liquid,1640,Team Liquid,1
ESPORTSTMNT04_2430766,Immortals,100 Thieves,LCS,2022-07-03 22:51:23,100 Thieves,1856,Immortals,1
ESPORTSTMNT04_2683333,NRG Kia,Immortals,LCS,2023-06-16 00:21:53,Immortals,2460,NRG Kia,0
ESPORTSTMNT04_2684346,100 Thieves,Team Liquid,LCS,2023-06-15 23:22:25,Team Liquid,1952,Team Liquid,1
ESPORTSTMNT04_2685321,Golden Guardians,Evil Geniuses,LCS,2023-06-16 01:27:22,Evil Geniuses,1883,Golden Guardians,1
ESPORTSTMNT05_2942670,100 Thieves,FlyQuest,LCS,2022-07-16 20:31:00,FlyQuest,1619,100 Thieves,1
ESPORTSTMNT05_2942698,Dignitas,Evil Geniuses,LCS,2022-07-16 21:27:00,Evil Geniuses,2223,Dignitas,1
ESPORTSTMNT05_2942983,TSM,FlyQuest,LCS,2022-07-17 18:45:20,TSM,1894,FlyQuest,0
ESPORTSTMNT05_2943023,Counter Logic Gaming,100 Thieves,LCS,2022-07-17 20:09:20,100 Thieves,1704,100 Thieves,1
ESPORTSTMNT05_2943033,Evil Geniuses,Team Liquid,LCS,2022-07-17 21:05:06,Evil Geniuses,2085,Team Liquid,0
ESPORTSTMNT05_2943051,Immortals,Cloud9,LCS,2022-07-17 22:08:24,Immortals,2510,Cloud9,1
ESPORTSTMNT05_2943077,Golden Guardians,Dignitas,LCS,2022-07-17 23:17:22,Golden Guardians,1901,Golden Guardians,0
ESPORTSTMNT05_2952804,TSM,Cloud9,LCS,2022-07-16 22:38:00,Cloud9,1864,Cloud9,1
ESPORTSTMNT05_2952826,Immortals,Counter Logic Gaming,LCS,2022-07-16 23:13:59,Counter Logic Gaming,1985,Immortals,0
ESPORTSTMNT05_2952840,Team Liquid,Golden Guardians,LCS,2022-07-17 00:12:56,Team Liquid,1873,Team Liquid,0
ESPORTSTMNT06_2530483,Evil Geniuses,Counter Logic Gaming,LCS,2022-07-23 20:43:00,Evil Geniuses,1522,Evil Geniuses,0
ESPORTSTMNT06_2530629,Counter Logic Gaming,Team Liquid,LCS,2022-07-24 18:48:33,Counter Logic Gaming,2011,Team Liquid,0
ESPORTSTMNT06_2530665,Golden Guardians,Cloud9,LCS,2022-07-24 20:14:21,Cloud9,1874,Golden Guardians,0
ESPORTSTMNT06_2530679,100 Thieves,Evil Geniuses,LCS,2022-07-24 21:20:37,100 Thieves,1953,Evil Geniuses,0
ESPORTSTMNT06_2530687,Immortals,TSM,LCS,2022-07-24 22:09:59,Immortals,1847,Immortals,0
ESPORTSTMNT06_2530698,Dignitas,FlyQuest,LCS,2022-07-24 23:08:16,FlyQuest,2129,FlyQuest,0
ESPORTSTMNT06_2540460,Immortals,Team Liquid,LCS,2022-07-23 21:10:04,Team Liquid,2087,Immortals,1
ESPORTSTMNT06_2540485,TSM,100 Thieves,LCS,2022-07-23 22:22:30,100 Thieves,1625,100 Thieves,1
ESPORTSTMNT06_2540501,Dignitas,Cloud9,LCS,2022-07-23 23:20:40,Cloud9,2116,Cloud9,1
ESPORTSTMNT06_2540513,FlyQuest,Golden Guardians,LCS,2022-07-24 00:21:43,FlyQuest,1775,FlyQuest,0
ESPORTSTMNT06_2775338,Cloud9,Evil Geniuses,LCS,2023-03-10 01:07:34,Cloud9,2107,Cloud9,0
ESPORTSTMNT06_2775340,100 Thieves,Golden Guardians,LCS,2023-03-10 02:21:35,100 Thieves,1455,100 Thieves,0
ESPORTSTMNT06_2775347,Counter Logic Gaming,Dignitas,LCS,2023-03-10 03:17:02,Dignitas,2726,Dignitas,1
