match_id,team_1,team_2,league,date,winner,gamelength,firsttower_team,firstblood_team,firstdragon_team
ESPORTSTMNT01_3303961,Kwangdong Freecs,Liiv SANDBOX,LCK,2023-02-08 09:07:58,Liiv SANDBOX,1880,Liiv SANDBOX,Liiv SANDBOX,Liiv SANDBOX
ESPORTSTMNT01_3304845,Liiv SANDBOX,Kwangdong Freecs,LCK,2023-02-08 08:06:49,Kwangdong Freecs,2249,Kwangdong Freecs,Liiv SANDBOX,Liiv SANDBOX
ESPORTSTMNT01_3304899,T1,BRION,LCK,2023-02-08 11:36:31,T1,1977,T1,T1,T1
ESPORTSTMNT01_3304926,BRION,T1,LCK,2023-02-08 12:32:16,T1,1929,T1,BRION,BRION
ESPORTSTMNT01_3305848,Liiv SANDBOX,Kwangdong Freecs,LCK,2023-02-08 10:00:15,Liiv SANDBOX,1903,Kwangdong Freecs,Kwangdong Freecs,Liiv SANDBOX
ESPORTSTMNT01_3306459,Dplus KIA,KT Rolster,LCK,2023-02-09 08:08:59,Dplus KIA,2134,KT Rolster,Dplus KIA,KT Rolster
ESPORTSTMNT01_3306514,Nongshim RedForce,Gen.G,LCK,2023-02-09 12:36:54,Gen.G,2104,Nongshim RedForce,Gen.G,Gen.G
ESPORTSTMNT01_3308368,KT Rolster,Dplus KIA,LCK,2023-02-09 09:09:41,KT Rolster,1862,Dplus KIA,Dplus KIA,KT Rolster
ESPORTSTMNT01_3308372,Dplus KIA,KT Rolster,LCK,2023-02-09 10:03:46,KT Rolster,1759,KT Rolster,KT Rolster,KT Rolster
ESPORTSTMNT01_3308381,Gen.G,Nongshim RedForce,LCK,2023-02-09 11:42:33,Gen.G,1781,Gen.G,Nongshim RedForce,Nongshim RedForce
ESPORTSTMNT01_3308953,BRION,Hanwha Life Esports,LCK,2023-02-10 10:00:13,Hanwha Life Esports,1647,Hanwha Life Esports,Hanwha Life Esports,Hanwha Life Esports
ESPORTSTMNT01_3309028,BRION,Hanwha Life Esports,LCK,2023-02-10 08:07:07,Hanwha Life Esports,1968,Hanwha Life Esports,Hanwha Life Esports,BRION
ESPORTSTMNT01_3309043,BRION,Hanwha Life Esports,LCK,2023-02-10 09:01:42,BRION,2304,BRION,BRION,BRION
ESPORTSTMNT01_3309058,DRX,Liiv SANDBOX,LCK,2023-02-10 11:30:21,Liiv SANDBOX,1877,Liiv SANDBOX,Liiv SANDBOX,Liiv SANDBOX
ESPORTSTMNT01_3309094,DRX,Liiv SANDBOX,LCK,2023-02-10 12:23:47,DRX,1685,DRX,Liiv SANDBOX,Liiv SANDBOX
ESPORTSTMNT01_3309624,KT Rolster,Gen.G,LCK,2023-02-11 10:22:31,KT Rolster,2661,KT Rolster,Gen.G,Gen.G
ESPORTSTMNT01_3309955,Dplus KIA,Hanwha Life Esports,LCK,2023-02-12 06:08:24,Dplus KIA,2292,Dplus KIA,Dplus KIA,Dplus KIA
ESPORTSTMNT01_3309997,DRX,T1,LCK,2023-02-12 09:43:50,T1,1484,T1,T1,T1
ESPORTSTMNT01_3310502,Kwangdong Freecs,Nongshim RedForce,LCK,2023-02-11 06:09:24,Kwangdong Freecs,1802,Kwangdong Freecs,Kwangdong Freecs,Nongshim RedForce
ESPORTSTMNT01_3310542,KT Rolster,Gen.G,LCK,2023-02-11 08:37:24,Gen.G,1660,Gen.G,Gen.G,Gen.G
ESPORTSTMNT01_3310561,Gen.G,KT Rolster,LCK,2023-02-11 09:27:12,KT Rolster,1956,Gen.G,KT Rolster,Gen.G
ESPORTSTMNT01_3310923,T1,DRX,LCK,2023-02-12 08:46:43,T1,2084,T1,T1,DRX
ESPORTSTMNT01_3311011,Liiv SANDBOX,DRX,LCK,2023-02-10 13:14:08,Liiv SANDBOX,1400,Liiv SANDBOX,DRX,Liiv SANDBOX
ESPORTSTMNT01_3311520,Nongshim RedForce,Kwangdong Freecs,LCK,2023-02-11 07:02:56,Kwangdong Freecs,1428,Kwangdong Freecs,Nongshim RedForce,Nongshim RedForce
ESPORTSTMNT01_3311892,Hanwha Life Esports,Dplus KIA,LCK,2023-02-12 07:08:38,Dplus KIA,1948,Dplus KIA,Dplus KIA,Dplus KIA
ESPORTSTMNT01_3324334,Dplus KIA,T1,LCK,2023-03-16 08:08:02,T1,1577,T1,T1,T1
ESPORTSTMNT01_3324352,Hanwha Life Esports,Gen.G,LCK,2023-03-16 10:46:56,Gen.G,1704,Gen.G,Gen.G,Hanwha Life Esports
ESPORTSTMNT01_3324628,Kwangdong Freecs,KT Rolster,LCK,2023-03-17 08:07:18,KT Rolster,2106,KT Rolster,KT Rolster,KT Rolster
ESPORTSTMNT01_3324646,Kwangdong Freecs,KT Rolster,LCK,2023-03-17 09:05:28,KT Rolster,2108,Kwangdong Freecs,KT Rolster,KT Rolster
ESPORTSTMNT01_3324649,BRION,Nongshim RedForce,LCK,2023-03-17 10:56:11,Nongshim RedForce,2127,Nongshim RedForce,Nongshim RedForce,BRION
ESPORTSTMNT01_3324928,Gen.G,Dplus KIA,LCK,2023-03-18 09:58:08,Gen.G,1603,Gen.G,Dplus KIA,Dplus KIA
ESPORTSTMNT01_3325029,Kwangdong Freecs,DRX,LCK,2023-03-15 08:05:46,Kwangdong Freecs,2427,Kwangdong Freecs,DRX,Kwangdong Freecs
ESPORTSTMNT01_3325049,Kwangdong Freecs,DRX,LCK,2023-03-15 10:02:48,Kwangdong Freecs,1898,Kwangdong Freecs,Kwangdong Freecs,Kwangdong Freecs
ESPORTSTMNT01_3325060,Liiv SANDBOX,BRION,LCK,2023-03-15 11:47:12,Liiv SANDBOX,1773,Liiv SANDBOX,Liiv SANDBOX,BRION
ESPORTSTMNT01_3325316,Dplus KIA,T1,LCK,2023-03-16 08:57:49,T1,2139,Dplus KIA,Dplus KIA,Dplus KIA
ESPORTSTMNT01_3325340,Hanwha Life Esports,Gen.G,LCK,2023-03-16 11:36:58,Gen.G,2015,Hanwha Life Esports,Hanwha Life Esports,Hanwha Life Esports
ESPORTSTMNT01_3325624,BRION,Nongshim RedForce,LCK,2023-03-17 11:53:02,Nongshim RedForce,1728,BRION,BRION,Nongshim RedForce
ESPORTSTMNT01_3325832,Hanwha Life Esports,Liiv SANDBOX,LCK,2023-03-18 06:08:25,Hanwha Life Esports,1697,Hanwha Life Esports,Hanwha Life Esports,Liiv SANDBOX
ESPORTSTMNT01_3325855,Liiv SANDBOX,Hanwha Life Esports,LCK,2023-03-18 07:00:48,Liiv SANDBOX,1886,Hanwha Life Esports,Liiv SANDBOX,Hanwha Life Esports
ESPORTSTMNT01_3325862,Hanwha Life Esports,Liiv SANDBOX,LCK,2023-03-18 07:55:47,Hanwha Life Esports,2344,Hanwha Life Esports,Liiv SANDBOX,Liiv SANDBOX
ESPORTSTMNT01_3326046,Kwangdong Freecs,DRX,LCK,2023-03-15 09:09:02,DRX,1917,DRX,Kwangdong Freecs,Kwangdong Freecs
ESPORTSTMNT01_3326099,BRION,Liiv SANDBOX,LCK,2023-03-15 12:39:19,Liiv SANDBOX,2174,Liiv SANDBOX,BRION,Liiv SANDBOX
ESPORTSTMNT01_3326924,Gen.G,Dplus KIA,LCK,2023-03-18 10:47:54,Gen.G,2271,Gen.G,Dplus KIA,Dplus KIA
ESPORTSTMNT01_3327201,T1,Nongshim RedForce,LCK,2023-03-19 06:07:14,T1,1400,T1,T1,T1
ESPORTSTMNT01_3328186,Nongshim RedForce,T1,LCK,2023-03-19 06:51:53,T1,1260,T1,T1,Nongshim RedForce
ESPORTSTMNT01_3328190,KT Rolster,DRX,LCK,2023-03-19 08:36:23,KT Rolster,1632,KT Rolster,KT Rolster,KT Rolster
ESPORTSTMNT01_3328205,KT Rolster,DRX,LCK,2023-03-19 09:26:35,KT Rolster,1570,KT Rolster,DRX,KT Rolster
ESPORTSTMNT01_3330071,Liiv SANDBOX,KT Rolster,LCK,2023-03-22 08:04:32,KT Rolster,1766,KT Rolster,KT Rolster,Liiv SANDBOX
ESPORTSTMNT01_3330869,KT Rolster,T1,LCK,2023-03-25 08:56:47,KT Rolster,2140,KT Rolster,T1,T1
ESPORTSTMNT01_3331073,Liiv SANDBOX,KT Rolster,LCK,2023-03-22 08:56:49,Liiv SANDBOX,1711,KT Rolster,KT Rolster,KT Rolster
ESPORTSTMNT01_3331076,KT Rolster,Liiv SANDBOX,LCK,2023-03-22 09:48:07,KT Rolster,1660,KT Rolster,KT Rolster,KT Rolster
ESPORTSTMNT01_3331293,Dplus KIA,Hanwha Life Esports,LCK,2023-03-23 08:57:27,Dplus KIA,1785,Dplus KIA,Dplus KIA,Dplus KIA
ESPORTSTMNT01_3331318,Dplus KIA,Hanwha Life Esports,LCK,2023-03-23 10:44:42,Hanwha Life Esports,1880,Hanwha Life Esports,Hanwha Life Esports,Dplus KIA
ESPORTSTMNT01_3331791,KT Rolster,T1,LCK,2023-03-25 07:04:21,KT Rolster,2246,T1,KT Rolster,T1
ESPORTSTMNT01_3331800,T1,KT Rolster,LCK,2023-03-25 08:04:16,T1,1839,T1,T1,T1
ESPORTSTMNT01_3331817,T1,KT Rolster,LCK,2023-03-25 09:56:48,T1,3291,KT Rolster,KT Rolster,KT Rolster
ESPORTSTMNT01_3332065,Liiv SANDBOX,KT Rolster,LCK,2023-03-22 10:36:42,KT Rolster,2056,KT Rolster,Liiv SANDBOX,KT Rolster
ESPORTSTMNT01_3332285,Dplus KIA,Hanwha Life Esports,LCK,2023-03-23 08:05:12,Hanwha Life Esports,1830,Hanwha Life Esports,Hanwha Life Esports,Hanwha Life Esports
ESPORTSTMNT01_3332318,Hanwha Life Esports,Dplus KIA,LCK,2023-03-23 09:50:54,Hanwha Life Esports,1960,Hanwha Life Esports,Dplus KIA,Dplus KIA
ESPORTSTMNT01_3332801,T1,KT Rolster,LCK,2023-03-25 06:08:58,T1,1956,T1,T1,T1
ESPORTSTMNT01_3333121,Hanwha Life Esports,Gen.G,LCK,2023-03-26 07:03:01,Gen.G,2313,Gen.G,Gen.G,Gen.G
ESPORTSTMNT01_3334067,Gen.G,Hanwha Life Esports,LCK,2023-03-26 06:10:28,Gen.G,1746,Gen.G,Gen.G,Hanwha Life Esports
ESPORTSTMNT01_3334092,Gen.G,Hanwha Life Esports,LCK,2023-03-26 08:59:05,Gen.G,1658,Gen.G,Hanwha Life Esports,Gen.G
ESPORTSTMNT01_3335064,Hanwha Life Esports,Gen.G,LCK,2023-03-26 08:08:38,Hanwha Life Esports,1760,Gen.G,Hanwha Life Esports,Hanwha Life Esports
ESPORTSTMNT01_3336792,T1,Gen.G,LCK,2023-04-01 06:08:55,T1,2226,T1,T1,T1
ESPORTSTMNT01_3336831,Gen.G,T1,LCK,2023-04-01 08:12:08,Gen.G,2684,Gen.G,T1,T1
ESPORTSTMNT01_3336846,T1,Gen.G,LCK,2023-04-01 09:19:36,T1,1787,T1,T1,T1
ESPORTSTMNT01_3337944,KT Rolster,Hanwha Life Esports,LCK,2023-04-02 06:11:56,KT Rolster,2491,Hanwha Life Esports,KT Rolster,KT Rolster
ESPORTSTMNT01_3337979,Hanwha Life Esports,KT Rolster,LCK,2023-04-02 08:10:44,Hanwha Life Esports,2490,Hanwha Life Esports,Hanwha Life Esports,Hanwha Life Esports
ESPORTSTMNT01_3338726,Gen.G,T1,LCK,2023-04-01 07:09:18,T1,2419,Gen.G,T1,T1
ESPORTSTMNT01_3339077,Hanwha Life Esports,KT Rolster,LCK,2023-04-02 07:16:20,KT Rolster,1922,KT Rolster,KT Rolster,KT Rolster
ESPORTSTMNT01_3339102,KT Rolster,Hanwha Life Esports,LCK,2023-04-02 09:15:29,KT Rolster,2021,KT Rolster,Hanwha Life Esports,KT Rolster
ESPORTSTMNT01_3340970,Gen.G,KT Rolster,LCK,2023-04-08 06:11:59,KT Rolster,1982,KT Rolster,KT Rolster,KT Rolster
ESPORTSTMNT01_3340987,Gen.G,KT Rolster,LCK,2023-04-08 07:08:46,Gen.G,1989,KT Rolster,KT Rolster,Gen.G
ESPORTSTMNT01_3341983,KT Rolster,Gen.G,LCK,2023-04-08 08:04:44,Gen.G,2151,KT Rolster,Gen.G,KT Rolster
ESPORTSTMNT01_3341999,KT Rolster,Gen.G,LCK,2023-04-08 09:03:49,Gen.G,1717,KT Rolster,Gen.G,Gen.G
ESPORTSTMNT01_3344120,T1,Gen.G,LCK,2023-04-09 06:25:52,Gen.G,2258,T1,T1,T1
ESPORTSTMNT01_3344136,T1,Gen.G,LCK,2023-04-09 07:28:38,Gen.G,2248,T1,T1,T1
ESPORTSTMNT01_3344140,T1,Gen.G,LCK,2023-04-09 08:31:30,T1,1705,T1,Gen.G,Gen.G
ESPORTSTMNT01_3344160,Gen.G,T1,LCK,2023-04-09 09:26:59,Gen.G,2091,Gen.G,T1,T1
ESPORTSTMNT01_3372029,Hanwha Life Esports,DRX,LCK,2023-06-14 08:05:55,Hanwha Life Esports,1367,Hanwha Life Esports,Hanwha Life Esports,Hanwha Life Esports
ESPORTSTMNT01_3372092,Gen.G,Kwangdong Freecs,LCK,2023-06-14 10:36:02,Gen.G,2163,Kwangdong Freecs,Kwangdong Freecs,Kwangdong Freecs
ESPORTSTMNT01_3372716,Liiv SANDBOX,T1,LCK,2023-06-15 09:10:31,T1,1607,T1,T1,T1
ESPORTSTMNT01_3372768,OKSavingsBank BRION,Dplus KIA,LCK,2023-06-15 11:39:01,OKSavingsBank BRION,1934,OKSavingsBank BRION,OKSavingsBank BRION,Dplus KIA
ESPORTSTMNT01_3373049,DRX,Hanwha Life Esports,LCK,2023-06-14 08:51:34,Hanwha Life Esports,1517,Hanwha Life Esports,Hanwha Life Esports,Hanwha Life Esports
ESPORTSTMNT01_3373110,Kwangdong Freecs,Gen.G,LCK,2023-06-14 11:35:21,Gen.G,1431,Gen.G,Gen.G,Gen.G
ESPORTSTMNT01_3373726,Dplus KIA,OKSavingsBank BRION,LCK,2023-06-15 10:47:38,Dplus KIA,1678,Dplus KIA,Dplus KIA,Dplus KIA
ESPORTSTMNT01_3374638,T1,Liiv SANDBOX,LCK,2023-06-15 08:07:04,T1,2359,T1,Liiv SANDBOX,T1
ESPORTSTMNT01_3374742,Dplus KIA,OKSavingsBank BRION,LCK,2023-06-15 12:33:08,OKSavingsBank BRION,2049,OKSavingsBank BRION,OKSavingsBank BRION,OKSavingsBank BRION
ESPORTSTMNT01_3375285,DRX,KT Rolster,LCK,2023-06-16 10:37:48,KT Rolster,1364,KT Rolster,KT Rolster,KT Rolster
ESPORTSTMNT01_3375321,DRX,KT Rolster,LCK,2023-06-16 11:23:12,KT Rolster,1544,KT Rolster,KT Rolster,KT Rolster
ESPORTSTMNT01_3375723,Hanwha Life Esports,Kwangdong Freecs,LCK,2023-06-17 06:08:14,Hanwha Life Esports,1939,Kwangdong Freecs,Hanwha Life Esports,Kwangdong Freecs
ESPORTSTMNT01_3376223,Nongshim RedForce,Gen.G,LCK,2023-06-16 08:06:45,Gen.G,1689,Gen.G,Gen.G,Gen.G
ESPORTSTMNT01_3376253,Nongshim RedForce,Gen.G,LCK,2023-06-16 08:57:33,Gen.G,1714,Gen.G,Gen.G,Nongshim RedForce
ESPORTSTMNT01_3376707,Kwangdong Freecs,Hanwha Life Esports,LCK,2023-06-17 07:03:41,Hanwha Life Esports,2697,Kwangdong Freecs,Kwangdong Freecs,Hanwha Life Esports
ESPORTSTMNT01_3378634,OKSavingsBank BRION,T1,LCK,2023-06-17 08:56:41,T1,2192,T1,OKSavingsBank BRION,OKSavingsBank BRION
ESPORTSTMNT01_3378674,OKSavingsBank BRION,T1,LCK,2023-06-17 09:54:31,T1,1378,T1,OKSavingsBank BRION,OKSavingsBank BRION
ESPORTSTMNT01_3379239,Liiv SANDBOX,KT Rolster,LCK,2023-06-18 06:06:42,KT Rolster,2346,KT Rolster,KT Rolster,Liiv SANDBOX
ESPORTSTMNT01_3380253,Liiv SANDBOX,KT Rolster,LCK,2023-06-18 07:07:00,KT Rolster,1431,KT Rolster,KT Rolster,KT Rolster
ESPORTSTMNT01_3380258,Dplus KIA,Nongshim RedForce,LCK,2023-06-18 08:38:09,Dplus KIA,1751,Dplus KIA,Nongshim RedForce,Dplus KIA
ESPORTSTMNT01_3381214,Nongshim RedForce,Dplus KIA,LCK,2023-06-18 09:30:28,Dplus KIA,1878,Dplus KIA,Dplus KIA,Dplus KIA
ESPORTSTMNT01_3382782,Liiv SANDBOX,OKSavingsBank BRION,LCK,2023-06-21 10:04:19,Liiv SANDBOX,1866,Liiv SANDBOX,Liiv SANDBOX,OKSavingsBank BRION
ESPORTSTMNT01_3383647,Liiv SANDBOX,OKSavingsBank BRION,LCK,2023-06-21 08:05:50,Liiv SANDBOX,2068,Liiv SANDBOX,OKSavingsBank BRION,Liiv SANDBOX
ESPORTSTMNT01_3383672,Liiv SANDBOX,OKSavingsBank BRION,LCK,2023-06-21 09:02:32,OKSavingsBank BRION,2436,Liiv SANDBOX,OKSavingsBank BRION,Liiv SANDBOX
ESPORTSTMNT01_3384667,Kwangdong Freecs,T1,LCK,2023-06-21 11:42:19,T1,1859,Kwangdong Freecs,T1,T1
ESPORTSTMNT01_3384734,Kwangdong Freecs,T1,LCK,2023-06-21 12:34:32,T1,1652,T1,Kwangdong Freecs,T1
ESPORTSTMNT01_3385158,Gen.G,DRX,LCK,2023-06-22 08:06:42,Gen.G,1372,Gen.G,Gen.G,Gen.G
ESPORTSTMNT01_3385176,DRX,Gen.G,LCK,2023-06-22 08:52:20,Gen.G,1653,Gen.G,Gen.G,DRX
ESPORTSTMNT01_3385476,Kwangdong Freecs,Nongshim RedForce,LCK,2023-06-23 08:06:46,Kwangdong Freecs,1930,Kwangdong Freecs,Nongshim RedForce,Kwangdong Freecs
ESPORTSTMNT01_3385497,Nongshim RedForce,Kwangdong Freecs,LCK,2023-06-23 09:02:32,Kwangdong Freecs,1824,Kwangdong Freecs,Nongshim RedForce,Kwangdong Freecs
ESPORTSTMNT01_3385750,Dplus KIA,Gen.G,LCK,2023-06-24 06:56:29,Dplus KIA,1866,Gen.G,Gen.G,Dplus KIA
ESPORTSTMNT01_3385759,T1,KT Rolster,LCK,2023-06-24 09:22:10,KT Rolster,1834,KT Rolster,KT Rolster,KT Rolster
ESPORTSTMNT01_3386462,Hanwha Life Esports,Liiv SANDBOX,LCK,2023-06-23 11:36:39,Liiv SANDBOX,1779,Hanwha Life Esports,Liiv SANDBOX,Liiv SANDBOX
ESPORTSTMNT01_3386695,T1,KT Rolster,LCK,2023-06-24 10:16:29,KT Rolster,1590,KT Rolster,T1,KT Rolster
ESPORTSTMNT01_3386968,DRX,Nongshim RedForce,LCK,2023-06-25 06:59:10,DRX,2026,Nongshim RedForce,DRX,Nongshim RedForce
ESPORTSTMNT01_3386993,OKSavingsBank BRION,Hanwha Life Esports,LCK,2023-06-25 10:35:26,Hanwha Life Esports,1711,OKSavingsBank BRION,OKSavingsBank BRION,Hanwha Life Esports
ESPORTSTMNT01_3387063,KT Rolster,Dplus KIA,LCK,2023-06-22 10:37:14,KT Rolster,2221,KT Rolster,KT Rolster,Dplus KIA
ESPORTSTMNT01_3387101,Dplus KIA,KT Rolster,LCK,2023-06-22 11:36:02,KT Rolster,1355,KT Rolster,Dplus KIA,KT Rolster
ESPORTSTMNT01_3387354,Hanwha Life Esports,Liiv SANDBOX,LCK,2023-06-23 10:41:59,Hanwha Life Esports,1858,Hanwha Life Esports,Hanwha Life Esports,Hanwha Life Esports
ESPORTSTMNT01_3387396,Hanwha Life Esports,Liiv SANDBOX,LCK,2023-06-23 12:28:29,Hanwha Life Esports,2455,Hanwha Life Esports,Liiv SANDBOX,Liiv SANDBOX
ESPORTSTMNT01_3387569,Dplus KIA,Gen.G,LCK,2023-06-24 06:05:44,Gen.G,1814,Gen.G,Gen.G,Gen.G
ESPORTSTMNT01_3387594,Gen.G,Dplus KIA,LCK,2023-06-24 07:50:03,Gen.G,1478,Gen.G,Gen.G,Gen.G
ESPORTSTMNT01_3388081,Nongshim RedForce,DRX,LCK,2023-06-25 06:07:28,Nongshim RedForce,1708,Nongshim RedForce,Nongshim RedForce,Nongshim RedForce
ESPORTSTMNT01_3388094,Nongshim RedForce,DRX,LCK,2023-06-25 07:55:59,DRX,2196,Nongshim RedForce,Nongshim RedForce,Nongshim RedForce
ESPORTSTMNT01_3388098,OKSavingsBank BRION,Hanwha Life Esports,LCK,2023-06-25 09:42:47,Hanwha Life Esports,1806,Hanwha Life Esports,OKSavingsBank BRION,OKSavingsBank BRION
ESPORTSTMNT01_3404937,T1,Kwangdong Freecs,LCK,2023-08-02 08:06:21,T1,1420,T1,T1,T1
ESPORTSTMNT01_3404962,T1,Kwangdong Freecs,LCK,2023-08-02 08:51:51,T1,1422,T1,T1,T1
ESPORTSTMNT01_3405926,Nongshim RedForce,Dplus KIA,LCK,2023-08-02 10:37:47,Dplus KIA,2191,Nongshim RedForce,Dplus KIA,Dplus KIA
ESPORTSTMNT01_3405949,Dplus KIA,Nongshim RedForce,LCK,2023-08-02 11:37:29,Dplus KIA,2084,Dplus KIA,Dplus KIA,Nongshim RedForce
ESPORTSTMNT01_3407230,Hanwha Life Esports,Gen.G,LCK,2023-08-03 10:37:40,Gen.G,1826,Hanwha Life Esports,Hanwha Life Esports,Gen.G
ESPORTSTMNT01_3407478,T1,Liiv SANDBOX,LCK,2023-08-04 08:06:05,T1,1680,Liiv SANDBOX,Liiv SANDBOX,Liiv SANDBOX
ESPORTSTMNT01_3407530,T1,Liiv SANDBOX,LCK,2023-08-04 10:24:33,T1,1905,T1,T1,Liiv SANDBOX
ESPORTSTMNT01_3407785,Gen.G,OKSavingsBank BRION,LCK,2023-08-05 09:45:55,OKSavingsBank BRION,1908,Gen.G,OKSavingsBank BRION,OKSavingsBank BRION
ESPORTSTMNT01_3408162,DRX,OKSavingsBank BRION,LCK,2023-08-03 08:06:33,DRX,1990,DRX,DRX,OKSavingsBank BRION
ESPORTSTMNT01_3408177,OKSavingsBank BRION,DRX,LCK,2023-08-03 09:02:11,DRX,1541,DRX,DRX,DRX
ESPORTSTMNT01_3408206,Hanwha Life Esports,Gen.G,LCK,2023-08-03 11:30:08,Gen.G,1566,Gen.G,Gen.G,Gen.G
ESPORTSTMNT01_3408461,Liiv SANDBOX,T1,LCK,2023-08-04 08:57:00,Liiv SANDBOX,201,,,
ESPORTSTMNT01_3408510,KT Rolster,Nongshim RedForce,LCK,2023-08-04 13:02:44,KT Rolster,1668,KT Rolster,Nongshim RedForce,Nongshim RedForce
ESPORTSTMNT01_3408529,Nongshim RedForce,KT Rolster,LCK,2023-08-04 13:52:42,KT Rolster,1715,Nongshim RedForce,KT Rolster,KT Rolster
ESPORTSTMNT01_3408676,Dplus KIA,Hanwha Life Esports,LCK,2023-08-05 07:02:27,Hanwha Life Esports,2046,Dplus KIA,Hanwha Life Esports,Hanwha Life Esports
ESPORTSTMNT01_3409439,Nongshim RedForce,KT Rolster,LCK,2023-08-04 12:06:14,Nongshim RedForce,1998,KT Rolster,KT Rolster,KT Rolster
ESPORTSTMNT01_3409605,Dplus KIA,Hanwha Life Esports,LCK,2023-08-05 06:07:39,Hanwha Life Esports,1898,Hanwha Life Esports,Hanwha Life Esports,Hanwha Life Esports
ESPORTSTMNT01_3409629,OKSavingsBank BRION,Gen.G,LCK,2023-08-05 08:55:43,OKSavingsBank BRION,1680,OKSavingsBank BRION,OKSavingsBank BRION,Gen.G
ESPORTSTMNT01_3409937,DRX,Kwangdong Freecs,LCK,2023-08-06 06:07:48,DRX,1685,DRX,DRX,DRX
ESPORTSTMNT01_3409963,Kwangdong Freecs,DRX,LCK,2023-08-06 07:00:04,DRX,1837,Kwangdong Freecs,DRX,DRX
ESPORTSTMNT01_3410111,Liiv SANDBOX,KT Rolster,LCK,2023-08-06 09:43:51,KT Rolster,2159,Liiv SANDBOX,Liiv SANDBOX,Liiv SANDBOX
ESPORTSTMNT01_3410511,Hanwha Life Esports,DRX,LCK,2023-08-08 08:07:20,Hanwha Life Esports,1985,Hanwha Life Esports,Hanwha Life Esports,DRX
ESPORTSTMNT01_3410713,Dplus KIA,T1,LCK,2023-08-09 08:05:08,T1,1827,Dplus KIA,Dplus KIA,T1
ESPORTSTMNT01_3410723,Dplus KIA,T1,LCK,2023-08-09 08:56:15,Dplus KIA,1964,T1,T1,Dplus KIA
ESPORTSTMNT01_3410725,T1,Dplus KIA,LCK,2023-08-09 09:51:24,T1,2165,Dplus KIA,Dplus KIA,T1
ESPORTSTMNT01_3410923,KT Rolster,T1,LCK,2023-08-10 10:34:23,KT Rolster,1853,KT Rolster,KT Rolster,T1
ESPORTSTMNT01_3410933,T1,KT Rolster,LCK,2023-08-10 11:28:29,T1,2275,T1,KT Rolster,KT Rolster
ESPORTSTMNT01_3411014,KT Rolster,Liiv SANDBOX,LCK,2023-08-06 08:51:32,KT Rolster,1699,KT Rolster,KT Rolster,Liiv SANDBOX
ESPORTSTMNT01_3411490,DRX,Hanwha Life Esports,LCK,2023-08-08 09:02:21,Hanwha Life Esports,1832,DRX,Hanwha Life Esports,Hanwha Life Esports
ESPORTSTMNT01_3411711,Dplus KIA,T1,LCK,2023-08-09 10:49:15,T1,2141,Dplus KIA,Dplus KIA,Dplus KIA
ESPORTSTMNT01_3412431,DRX,Hanwha Life Esports,LCK,2023-08-08 09:54:26,Hanwha Life Esports,2615,Hanwha Life Esports,DRX,DRX
ESPORTSTMNT01_3412825,KT Rolster,T1,LCK,2023-08-10 08:05:40,KT Rolster,1485,KT Rolster,KT Rolster,KT Rolster
ESPORTSTMNT01_3412846,T1,KT Rolster,LCK,2023-08-10 08:52:11,T1,1567,T1,T1,T1
ESPORTSTMNT01_3412852,KT Rolster,T1,LCK,2023-08-10 09:40:34,T1,1931,T1,KT Rolster,KT Rolster
ESPORTSTMNT01_3412987,Gen.G,Hanwha Life Esports,LCK,2023-08-11 08:05:49,Gen.G,1709,Gen.G,Gen.G,Gen.G
ESPORTSTMNT01_3413257,Gen.G,T1,LCK,2023-08-12 07:48:11,T1,1377,T1,Gen.G,T1
ESPORTSTMNT01_3413260,Gen.G,T1,LCK,2023-08-12 08:35:31,Gen.G,1811,T1,T1,Gen.G
ESPORTSTMNT01_3413370,Hanwha Life Esports,KT Rolster,LCK,2023-08-13 07:03:49,KT Rolster,1845,KT Rolster,KT Rolster,Hanwha Life Esports
ESPORTSTMNT01_3415015,Gen.G,Hanwha Life Esports,LCK,2023-08-11 08:55:44,Gen.G,1806,Gen.G,Gen.G,Hanwha Life Esports
ESPORTSTMNT01_3415025,Hanwha Life Esports,Gen.G,LCK,2023-08-11 09:46:51,Gen.G,1919,Gen.G,Gen.G,Gen.G
ESPORTSTMNT01_3415148,Gen.G,T1,LCK,2023-08-12 06:05:18,Gen.G,1738,Gen.G,T1,Gen.G
ESPORTSTMNT01_3415168,T1,Gen.G,LCK,2023-08-12 06:56:27,T1,1781,T1,Gen.G,T1
ESPORTSTMNT01_3415182,T1,Gen.G,LCK,2023-08-12 09:29:52,Gen.G,1773,T1,T1,T1
ESPORTSTMNT01_3415276,KT Rolster,Hanwha Life Esports,LCK,2023-08-13 06:08:19,KT Rolster,1848,KT Rolster,KT Rolster,Hanwha Life Esports
ESPORTSTMNT01_3415307,Hanwha Life Esports,KT Rolster,LCK,2023-08-13 07:56:51,KT Rolster,1867,KT Rolster,KT Rolster,KT Rolster
ESPORTSTMNT01_3415991,T1,KT Rolster,LCK,2023-08-19 10:07:07,T1,2459,T1,T1,T1
ESPORTSTMNT01_3416038,T1,KT Rolster,LCK,2023-08-19 06:23:01,T1,1890,T1,T1,KT Rolster
ESPORTSTMNT01_3416073,KT Rolster,T1,LCK,2023-08-19 07:21:09,T1,1929,T1,T1,KT Rolster
ESPORTSTMNT01_3416074,KT Rolster,T1,LCK,2023-08-19 08:14:58,KT Rolster,1668,KT Rolster,T1,T1
ESPORTSTMNT01_3416088,T1,KT Rolster,LCK,2023-08-19 09:05:59,KT Rolster,2233,T1,KT Rolster,T1
ESPORTSTMNT01_3417138,T1,Gen.G,LCK,2023-08-20 07:20:36,Gen.G,1823,Gen.G,Gen.G,T1
ESPORTSTMNT01_3417141,Gen.G,T1,LCK,2023-08-20 08:17:24,Gen.G,2218,T1,Gen.G,T1
ESPORTSTMNT01_3418098,Gen.G,T1,LCK,2023-08-20 06:25:25,Gen.G,1864,T1,Gen.G,Gen.G
ESPORTSTMNT02_3148631,DRX,KT Rolster,LCK,2023-02-15 08:07:36,KT Rolster,1593,KT Rolster,KT Rolster,KT Rolster
ESPORTSTMNT02_3148704,Nongshim RedForce,Hanwha Life Esports,LCK,2023-02-15 11:39:14,Hanwha Life Esports,2089,Hanwha Life Esports,Hanwha Life Esports,Hanwha Life Esports
ESPORTSTMNT02_3148999,Kwangdong Freecs,Gen.G,LCK,2023-02-16 12:27:12,Gen.G,1730,Kwangdong Freecs,Kwangdong Freecs,Kwangdong Freecs
ESPORTSTMNT02_3149952,BRION,Dplus KIA,LCK,2023-02-16 08:07:26,Dplus KIA,1931,Dplus KIA,BRION,Dplus KIA
ESPORTSTMNT02_3150633,KT Rolster,DRX,LCK,2023-02-15 08:57:15,KT Rolster,1893,DRX,KT Rolster,DRX
ESPORTSTMNT02_3150637,Nongshim RedForce,Hanwha Life Esports,LCK,2023-02-15 10:37:15,Hanwha Life Esports,2319,Hanwha Life Esports,Hanwha Life Esports,Nongshim RedForce
ESPORTSTMNT02_3150955,BRION,Dplus KIA,LCK,2023-02-16 09:01:44,Dplus KIA,1913,Dplus KIA,Dplus KIA,Dplus KIA
ESPORTSTMNT02_3150959,Kwangdong Freecs,Gen.G,LCK,2023-02-16 10:37:30,Gen.G,1770,Gen.G,Gen.G,Gen.G
ESPORTSTMNT02_3151024,Kwangdong Freecs,Gen.G,LCK,2023-02-16 11:29:39,Kwangdong Freecs,2109,Gen.G,Gen.G,Kwangdong Freecs
ESPORTSTMNT02_3151319,Liiv SANDBOX,T1,LCK,2023-02-17 08:07:04,Liiv SANDBOX,1595,T1,Liiv SANDBOX,Liiv SANDBOX
ESPORTSTMNT02_3151356,T1,Liiv SANDBOX,LCK,2023-02-17 08:58:00,T1,1549,T1,T1,T1
ESPORTSTMNT02_3151375,Hanwha Life Esports,DRX,LCK,2023-02-17 11:26:52,Hanwha Life Esports,1954,Hanwha Life Esports,Hanwha Life Esports,DRX
ESPORTSTMNT02_3151399,DRX,Hanwha Life Esports,LCK,2023-02-17 12:23:32,Hanwha Life Esports,1855,Hanwha Life Esports,DRX,DRX
ESPORTSTMNT02_3151678,Kwangdong Freecs,BRION,LCK,2023-02-18 06:07:18,Kwangdong Freecs,1850,BRION,Kwangdong Freecs,BRION
ESPORTSTMNT02_3151708,Nongshim RedForce,KT Rolster,LCK,2023-02-18 09:52:41,KT Rolster,1742,KT Rolster,Nongshim RedForce,KT Rolster
ESPORTSTMNT02_3151734,Nongshim RedForce,KT Rolster,LCK,2023-02-18 10:43:03,KT Rolster,1549,KT Rolster,KT Rolster,KT Rolster
ESPORTSTMNT02_3152336,Liiv SANDBOX,T1,LCK,2023-02-17 09:45:24,T1,2040,T1,T1,T1
ESPORTSTMNT02_3152651,Kwangdong Freecs,BRION,LCK,2023-02-18 08:01:44,BRION,2485,BRION,Kwangdong Freecs,Kwangdong Freecs
ESPORTSTMNT02_3153683,BRION,Kwangdong Freecs,LCK,2023-02-18 07:00:03,BRION,2432,BRION,BRION,Kwangdong Freecs
ESPORTSTMNT02_3154050,T1,Gen.G,LCK,2023-02-19 06:06:35,Gen.G,2310,T1,Gen.G,Gen.G
ESPORTSTMNT02_3154086,Dplus KIA,Liiv SANDBOX,LCK,2023-02-19 09:47:08,Liiv SANDBOX,1975,Liiv SANDBOX,Dplus KIA,Liiv SANDBOX
ESPORTSTMNT02_3155063,Gen.G,T1,LCK,2023-02-19 07:56:46,T1,2639,Gen.G,T1,Gen.G
ESPORTSTMNT02_3156036,T1,Gen.G,LCK,2023-02-19 07:06:40,T1,1661,T1,Gen.G,Gen.G
ESPORTSTMNT02_3156083,Dplus KIA,Liiv SANDBOX,LCK,2023-02-19 10:42:38,Liiv SANDBOX,1822,Dplus KIA,Liiv SANDBOX,Liiv SANDBOX
ESPORTSTMNT02_3157736,Nongshim RedForce,Gen.G,LCK,2023-02-22 08:56:06,Gen.G,2145,Nongshim RedForce,Nongshim RedForce,Nongshim RedForce
ESPORTSTMNT02_3158638,Nongshim RedForce,Gen.G,LCK,2023-02-22 08:05:57,Gen.G,1777,Gen.G,Gen.G,Gen.G
ESPORTSTMNT02_3158788,Dplus KIA,KT Rolster,LCK,2023-02-22 11:34:07,Dplus KIA,1888,Dplus KIA,KT Rolster,Dplus KIA
ESPORTSTMNT02_3159649,KT Rolster,Dplus KIA,LCK,2023-02-22 10:42:52,Dplus KIA,1674,Dplus KIA,Dplus KIA,Dplus KIA
ESPORTSTMNT02_3160419,Hanwha Life Esports,BRION,LCK,2023-02-23 10:09:54,Hanwha Life Esports,1818,Hanwha Life Esports,BRION,BRION
ESPORTSTMNT02_3160953,Gen.G,DRX,LCK,2023-02-24 08:07:08,Gen.G,1567,Gen.G,Gen.G,Gen.G
ESPORTSTMNT02_3160975,DRX,Gen.G,LCK,2023-02-24 08:55:10,Gen.G,1629,Gen.G,Gen.G,Gen.G
ESPORTSTMNT02_3160991,Dplus KIA,Kwangdong Freecs,LCK,2023-02-24 10:36:34,Dplus KIA,2190,Kwangdong Freecs,Kwangdong Freecs,Kwangdong Freecs
ESPORTSTMNT02_3161272,Hanwha Life Esports,BRION,LCK,2023-02-23 08:07:00,Hanwha Life Esports,2227,Hanwha Life Esports,Hanwha Life Esports,BRION
ESPORTSTMNT02_3161348,BRION,Hanwha Life Esports,LCK,2023-02-23 09:05:46,BRION,2557,BRION,Hanwha Life Esports,BRION
ESPORTSTMNT02_3161391,T1,Liiv SANDBOX,LCK,2023-02-23 11:40:43,T1,1841,T1,Liiv SANDBOX,Liiv SANDBOX
ESPORTSTMNT02_3162355,Liiv SANDBOX,T1,LCK,2023-02-23 12:33:48,T1,1665,T1,Liiv SANDBOX,T1
ESPORTSTMNT02_3163043,Kwangdong Freecs,Dplus KIA,LCK,2023-02-24 11:35:14,Dplus KIA,2335,Kwangdong Freecs,Dplus KIA,Kwangdong Freecs
ESPORTSTMNT02_3163421,T1,KT Rolster,LCK,2023-02-25 06:04:50,T1,1433,T1,T1,T1
ESPORTSTMNT02_3163473,Nongshim RedForce,Liiv SANDBOX,LCK,2023-02-25 08:37:37,Nongshim RedForce,3107,Liiv SANDBOX,Liiv SANDBOX,Liiv SANDBOX
ESPORTSTMNT02_3163529,Nongshim RedForce,Liiv SANDBOX,LCK,2023-02-25 10:55:00,Liiv SANDBOX,1783,Liiv SANDBOX,Liiv SANDBOX,Liiv SANDBOX
ESPORTSTMNT02_3163849,BRION,DRX,LCK,2023-02-26 08:06:25,DRX,2788,BRION,DRX,BRION
ESPORTSTMNT02_3163865,Hanwha Life Esports,Kwangdong Freecs,LCK,2023-02-26 10:00:46,Hanwha Life Esports,1751,Hanwha Life Esports,Hanwha Life Esports,Hanwha Life Esports
ESPORTSTMNT02_3164423,T1,KT Rolster,LCK,2023-02-25 06:51:15,T1,1629,T1,KT Rolster,T1
ESPORTSTMNT02_3164479,Liiv SANDBOX,Nongshim RedForce,LCK,2023-02-25 09:52:22,Liiv SANDBOX,2407,Nongshim RedForce,Nongshim RedForce,Nongshim RedForce
ESPORTSTMNT02_3164832,DRX,BRION,LCK,2023-02-26 07:12:34,DRX,1982,DRX,BRION,DRX
ESPORTSTMNT02_3164896,Kwangdong Freecs,Hanwha Life Esports,LCK,2023-02-26 10:52:00,Hanwha Life Esports,1762,Kwangdong Freecs,Hanwha Life Esports,Kwangdong Freecs
ESPORTSTMNT02_3165696,BRION,DRX,LCK,2023-02-26 06:05:19,BRION,2563,BRION,DRX,BRION
ESPORTSTMNT02_3213109,Hanwha Life Esports,Dplus KIA,LCK,2023-06-28 08:06:54,Dplus KIA,1976,Hanwha Life Esports,Dplus KIA,Dplus KIA
ESPORTSTMNT02_3213439,Gen.G,OKSavingsBank BRION,LCK,2023-06-29 08:05:56,Gen.G,2715,Gen.G,Gen.G,OKSavingsBank BRION
ESPORTSTMNT02_3213452,OKSavingsBank BRION,Gen.G,LCK,2023-06-29 09:14:03,Gen.G,1862,Gen.G,Gen.G,Gen.G
ESPORTSTMNT02_3213761,Nongshim RedForce,KT Rolster,LCK,2023-06-30 08:57:36,KT Rolster,1841,KT Rolster,KT Rolster,KT Rolster
ESPORTSTMNT02_3213774,T1,Dplus KIA,LCK,2023-06-30 10:35:23,T1,1655,T1,Dplus KIA,T1
ESPORTSTMNT02_3214098,KT Rolster,Kwangdong Freecs,LCK,2023-06-28 10:36:57,KT Rolster,2159,KT Rolster,Kwangdong Freecs,KT Rolster
ESPORTSTMNT02_3214136,KT Rolster,Kwangdong Freecs,LCK,2023-06-28 11:38:50,KT Rolster,1562,KT Rolster,KT Rolster,KT Rolster
ESPORTSTMNT02_3214430,DRX,Liiv SANDBOX,LCK,2023-06-29 11:55:14,DRX,1743,DRX,DRX,DRX
ESPORTSTMNT02_3214449,Liiv SANDBOX,DRX,LCK,2023-06-29 12:46:12,DRX,2404,Liiv SANDBOX,Liiv SANDBOX,Liiv SANDBOX
ESPORTSTMNT02_3214964,OKSavingsBank BRION,DRX,LCK,2023-07-01 06:06:02,OKSavingsBank BRION,2052,OKSavingsBank BRION,OKSavingsBank BRION,DRX
ESPORTSTMNT02_3214984,DRX,OKSavingsBank BRION,LCK,2023-07-01 07:01:19,DRX,1735,DRX,DRX,DRX
ESPORTSTMNT02_3215087,Hanwha Life Esports,Dplus KIA,LCK,2023-06-28 09:01:22,Dplus KIA,1629,Dplus KIA,Dplus KIA,Dplus KIA
ESPORTSTMNT02_3215424,DRX,Liiv SANDBOX,LCK,2023-06-29 10:52:26,Liiv SANDBOX,2464,Liiv SANDBOX,Liiv SANDBOX,Liiv SANDBOX
ESPORTSTMNT02_3216219,KT Rolster,Nongshim RedForce,LCK,2023-06-30 08:06:40,KT Rolster,1704,KT Rolster,KT Rolster,Nongshim RedForce
ESPORTSTMNT02_3216293,Dplus KIA,T1,LCK,2023-06-30 11:25:04,T1,1810,T1,T1,Dplus KIA
ESPORTSTMNT02_3216537,OKSavingsBank BRION,DRX,LCK,2023-07-01 07:52:10,OKSavingsBank BRION,1974,DRX,OKSavingsBank BRION,DRX
ESPORTSTMNT02_3216741,Hanwha Life Esports,Gen.G,LCK,2023-07-02 06:59:37,Gen.G,1718,Gen.G,Hanwha Life Esports,Hanwha Life Esports
ESPORTSTMNT02_3216786,Nongshim RedForce,T1,LCK,2023-07-02 10:21:07,T1,1692,T1,T1,T1
ESPORTSTMNT02_3217044,Kwangdong Freecs,Liiv SANDBOX,LCK,2023-07-01 09:32:15,Kwangdong Freecs,1627,Liiv SANDBOX,Kwangdong Freecs,Kwangdong Freecs
ESPORTSTMNT02_3217077,Liiv SANDBOX,Kwangdong Freecs,LCK,2023-07-01 10:21:43,Kwangdong Freecs,2214,Liiv SANDBOX,Kwangdong Freecs,Kwangdong Freecs
ESPORTSTMNT02_3217234,Gen.G,Hanwha Life Esports,LCK,2023-07-02 06:06:55,Gen.G,1741,Gen.G,Hanwha Life Esports,Hanwha Life Esports
ESPORTSTMNT02_3217260,T1,Nongshim RedForce,LCK,2023-07-02 08:35:57,Nongshim RedForce,2069,T1,Nongshim RedForce,Nongshim RedForce
ESPORTSTMNT02_3217733,Dplus KIA,Kwangdong Freecs,LCK,2023-07-05 08:59:12,Dplus KIA,1800,Dplus KIA,Dplus KIA,Dplus KIA
ESPORTSTMNT02_3217738,DRX,T1,LCK,2023-07-05 10:34:52,DRX,1879,T1,DRX,T1
ESPORTSTMNT02_3217759,T1,DRX,LCK,2023-07-05 11:28:41,DRX,1950,DRX,T1,DRX
ESPORTSTMNT02_3217854,Liiv SANDBOX,Gen.G,LCK,2023-07-06 10:35:48,Gen.G,1860,Gen.G,Gen.G,Liiv SANDBOX
ESPORTSTMNT02_3217904,OKSavingsBank BRION,KT Rolster,LCK,2023-07-07 08:06:22,KT Rolster,1837,KT Rolster,OKSavingsBank BRION,KT Rolster
ESPORTSTMNT02_3217922,Dplus KIA,DRX,LCK,2023-07-07 10:40:48,Dplus KIA,1533,Dplus KIA,DRX,Dplus KIA
ESPORTSTMNT02_3217939,DRX,Dplus KIA,LCK,2023-07-07 11:27:39,Dplus KIA,1496,Dplus KIA,Dplus KIA,Dplus KIA
ESPORTSTMNT02_3217961,T1,Gen.G,LCK,2023-07-08 06:05:28,Gen.G,1606,Gen.G,Gen.G,Gen.G
ESPORTSTMNT02_3217972,Gen.G,T1,LCK,2023-07-08 06:53:01,Gen.G,1747,Gen.G,T1,T1
ESPORTSTMNT02_3217976,Nongshim RedForce,Liiv SANDBOX,LCK,2023-07-08 08:36:52,Nongshim RedForce,2061,Liiv SANDBOX,Nongshim RedForce,Liiv SANDBOX
ESPORTSTMNT02_3218220,T1,Nongshim RedForce,LCK,2023-07-02 09:32:39,T1,1610,T1,Nongshim RedForce,Nongshim RedForce
ESPORTSTMNT02_3218856,OKSavingsBank BRION,KT Rolster,LCK,2023-07-07 08:59:07,KT Rolster,1958,OKSavingsBank BRION,OKSavingsBank BRION,OKSavingsBank BRION
ESPORTSTMNT02_3218962,KT Rolster,OKSavingsBank BRION,LCK,2023-07-09 06:05:14,KT Rolster,1752,OKSavingsBank BRION,KT Rolster,OKSavingsBank BRION
ESPORTSTMNT02_3218971,OKSavingsBank BRION,KT Rolster,LCK,2023-07-09 06:56:45,KT Rolster,1912,OKSavingsBank BRION,OKSavingsBank BRION,KT Rolster
ESPORTSTMNT02_3219173,Dplus KIA,Kwangdong Freecs,LCK,2023-07-05 08:07:48,Dplus KIA,1805,Dplus KIA,Dplus KIA,Dplus KIA
ESPORTSTMNT02_3219287,Nongshim RedForce,Hanwha Life Esports,LCK,2023-07-06 08:05:31,Hanwha Life Esports,1466,Hanwha Life Esports,Hanwha Life Esports,Nongshim RedForce
ESPORTSTMNT02_3219293,Nongshim RedForce,Hanwha Life Esports,LCK,2023-07-06 08:52:58,Hanwha Life Esports,1419,Nongshim RedForce,Hanwha Life Esports,Hanwha Life Esports
ESPORTSTMNT02_3219312,Liiv SANDBOX,Gen.G,LCK,2023-07-06 11:27:41,Gen.G,1428,Gen.G,Gen.G,Gen.G
ESPORTSTMNT02_3219429,Liiv SANDBOX,Nongshim RedForce,LCK,2023-07-08 09:34:31,Nongshim RedForce,2336,Liiv SANDBOX,Liiv SANDBOX,Nongshim RedForce
ESPORTSTMNT02_3219458,Kwangdong Freecs,Hanwha Life Esports,LCK,2023-07-09 08:38:24,Hanwha Life Esports,2131,Hanwha Life Esports,Hanwha Life Esports,Hanwha Life Esports
ESPORTSTMNT02_3219628,Dplus KIA,Liiv SANDBOX,LCK,2023-07-12 09:06:53,Dplus KIA,2042,Liiv SANDBOX,Dplus KIA,Liiv SANDBOX
ESPORTSTMNT02_3219631,Gen.G,Nongshim RedForce,LCK,2023-07-12 10:44:50,Gen.G,1373,Gen.G,Gen.G,Nongshim RedForce
ESPORTSTMNT02_3219719,Hanwha Life Esports,KT Rolster,LCK,2023-07-13 08:07:55,KT Rolster,1572,KT Rolster,Hanwha Life Esports,Hanwha Life Esports
ESPORTSTMNT02_3219737,Hanwha Life Esports,KT Rolster,LCK,2023-07-13 08:56:35,Hanwha Life Esports,1811,Hanwha Life Esports,Hanwha Life Esports,Hanwha Life Esports
ESPORTSTMNT02_3219742,KT Rolster,Hanwha Life Esports,LCK,2023-07-13 09:49:34,KT Rolster,1844,KT Rolster,KT Rolster,KT Rolster
ESPORTSTMNT02_3219750,OKSavingsBank BRION,Kwangdong Freecs,LCK,2023-07-13 11:26:48,OKSavingsBank BRION,2055,OKSavingsBank BRION,Kwangdong Freecs,OKSavingsBank BRION
ESPORTSTMNT02_3219771,Kwangdong Freecs,OKSavingsBank BRION,LCK,2023-07-13 12:23:45,Kwangdong Freecs,2058,OKSavingsBank BRION,Kwangdong Freecs,Kwangdong Freecs
ESPORTSTMNT02_3219847,T1,Nongshim RedForce,LCK,2023-07-14 09:04:55,T1,1680,T1,T1,T1
ESPORTSTMNT02_3219915,Kwangdong Freecs,Liiv SANDBOX,LCK,2023-07-15 06:55:08,Liiv SANDBOX,1453,Liiv SANDBOX,Liiv SANDBOX,Liiv SANDBOX
ESPORTSTMNT02_3219921,Hanwha Life Esports,OKSavingsBank BRION,LCK,2023-07-15 08:36:54,OKSavingsBank BRION,1807,OKSavingsBank BRION,Hanwha Life Esports,OKSavingsBank BRION
ESPORTSTMNT02_3219940,Hanwha Life Esports,OKSavingsBank BRION,LCK,2023-07-15 09:29:06,Hanwha Life Esports,1954,Hanwha Life Esports,OKSavingsBank BRION,OKSavingsBank BRION
ESPORTSTMNT02_3220043,Kwangdong Freecs,Hanwha Life Esports,LCK,2023-07-09 09:35:58,Hanwha Life Esports,2674,Kwangdong Freecs,Kwangdong Freecs,Kwangdong Freecs
ESPORTSTMNT02_3220410,T1,Nongshim RedForce,LCK,2023-07-14 08:05:38,T1,2280,T1,Nongshim RedForce,T1
ESPORTSTMNT02_3220426,DRX,Gen.G,LCK,2023-07-14 10:41:16,Gen.G,1974,Gen.G,Gen.G,Gen.G
ESPORTSTMNT02_3220450,DRX,Gen.G,LCK,2023-07-14 11:36:42,Gen.G,1667,Gen.G,Gen.G,Gen.G
ESPORTSTMNT02_3220488,Kwangdong Freecs,Liiv SANDBOX,LCK,2023-07-15 06:06:07,Liiv SANDBOX,1605,Liiv SANDBOX,Liiv SANDBOX,Liiv SANDBOX
ESPORTSTMNT02_3220527,OKSavingsBank BRION,Hanwha Life Esports,LCK,2023-07-15 10:23:34,Hanwha Life Esports,1987,Hanwha Life Esports,OKSavingsBank BRION,Hanwha Life Esports
ESPORTSTMNT02_3220608,KT Rolster,DRX,LCK,2023-07-16 09:01:54,KT Rolster,1611,DRX,KT Rolster,DRX
ESPORTSTMNT02_3220839,Liiv SANDBOX,Hanwha Life Esports,LCK,2023-07-19 10:46:28,Hanwha Life Esports,1745,Hanwha Life Esports,Hanwha Life Esports,Hanwha Life Esports
ESPORTSTMNT02_3220856,Liiv SANDBOX,Hanwha Life Esports,LCK,2023-07-19 11:37:32,Hanwha Life Esports,2050,Hanwha Life Esports,Hanwha Life Esports,Hanwha Life Esports
ESPORTSTMNT02_3220910,Gen.G,Kwangdong Freecs,LCK,2023-07-20 09:18:37,Gen.G,1859,Kwangdong Freecs,Gen.G,Kwangdong Freecs
ESPORTSTMNT02_3220950,Dplus KIA,OKSavingsBank BRION,LCK,2023-07-21 08:55:59,Dplus KIA,1851,OKSavingsBank BRION,OKSavingsBank BRION,Dplus KIA
ESPORTSTMNT02_3220958,Hanwha Life Esports,T1,LCK,2023-07-21 11:32:06,Hanwha Life Esports,1478,Hanwha Life Esports,Hanwha Life Esports,T1
ESPORTSTMNT02_3220999,Gen.G,KT Rolster,LCK,2023-07-22 06:06:34,KT Rolster,1644,Gen.G,KT Rolster,KT Rolster
ESPORTSTMNT02_3221133,Liiv SANDBOX,Dplus KIA,LCK,2023-07-12 08:06:54,Dplus KIA,2214,Dplus KIA,Liiv SANDBOX,Dplus KIA
ESPORTSTMNT02_3221167,Nongshim RedForce,Gen.G,LCK,2023-07-12 11:29:17,Gen.G,1420,Gen.G,Nongshim RedForce,Gen.G
ESPORTSTMNT02_3221300,OKSavingsBank BRION,Kwangdong Freecs,LCK,2023-07-13 13:20:25,OKSavingsBank BRION,1803,OKSavingsBank BRION,OKSavingsBank BRION,OKSavingsBank BRION
ESPORTSTMNT02_3221546,Dplus KIA,T1,LCK,2023-07-16 06:06:11,Dplus KIA,2584,Dplus KIA,T1,Dplus KIA
ESPORTSTMNT02_3221581,DRX,KT Rolster,LCK,2023-07-16 09:51:12,DRX,2086,KT Rolster,KT Rolster,DRX
ESPORTSTMNT02_3221591,KT Rolster,DRX,LCK,2023-07-16 10:48:43,KT Rolster,1801,DRX,DRX,KT Rolster
ESPORTSTMNT02_3221775,Dplus KIA,KT Rolster,LCK,2023-07-19 08:06:12,KT Rolster,1866,Dplus KIA,KT Rolster,KT Rolster
ESPORTSTMNT02_3221852,Kwangdong Freecs,Gen.G,LCK,2023-07-20 08:06:34,Gen.G,2954,Kwangdong Freecs,Gen.G,Gen.G
ESPORTSTMNT02_3221863,DRX,Nongshim RedForce,LCK,2023-07-20 10:54:29,Nongshim RedForce,1983,DRX,Nongshim RedForce,DRX
ESPORTSTMNT02_3221896,OKSavingsBank BRION,Dplus KIA,LCK,2023-07-21 08:06:26,OKSavingsBank BRION,1674,OKSavingsBank BRION,OKSavingsBank BRION,OKSavingsBank BRION
ESPORTSTMNT02_3221926,T1,Hanwha Life Esports,LCK,2023-07-21 12:18:02,Hanwha Life Esports,2190,Hanwha Life Esports,T1,Hanwha Life Esports
ESPORTSTMNT02_3221956,Gen.G,KT Rolster,LCK,2023-07-22 06:57:07,KT Rolster,1568,KT Rolster,Gen.G,KT Rolster
ESPORTSTMNT02_3221958,Nongshim RedForce,Kwangdong Freecs,LCK,2023-07-22 08:37:10,Nongshim RedForce,2087,Kwangdong Freecs,Kwangdong Freecs,Nongshim RedForce
ESPORTSTMNT02_3221974,Nongshim RedForce,Kwangdong Freecs,LCK,2023-07-22 10:25:57,Nongshim RedForce,1943,Nongshim RedForce,Nongshim RedForce,Nongshim RedForce
ESPORTSTMNT02_3222016,T1,Dplus KIA,LCK,2023-07-16 07:11:26,Dplus KIA,2470,Dplus KIA,Dplus KIA,Dplus KIA
ESPORTSTMNT02_3222220,Dplus KIA,KT Rolster,LCK,2023-07-19 08:59:14,KT Rolster,2150,Dplus KIA,KT Rolster,KT Rolster
ESPORTSTMNT02_3222295,DRX,Nongshim RedForce,LCK,2023-07-20 11:49:21,DRX,1911,DRX,DRX,DRX
ESPORTSTMNT02_3222301,Nongshim RedForce,DRX,LCK,2023-07-20 12:43:14,Nongshim RedForce,1876,DRX,Nongshim RedForce,DRX
ESPORTSTMNT02_3222337,OKSavingsBank BRION,Dplus KIA,LCK,2023-07-21 09:48:08,Dplus KIA,2007,OKSavingsBank BRION,Dplus KIA,OKSavingsBank BRION
ESPORTSTMNT02_3222394,Kwangdong Freecs,Nongshim RedForce,LCK,2023-07-22 09:33:47,Kwangdong Freecs,1848,Kwangdong Freecs,Kwangdong Freecs,Kwangdong Freecs
ESPORTSTMNT02_3222438,OKSavingsBank BRION,T1,LCK,2023-07-23 08:00:50,OKSavingsBank BRION,1844,OKSavingsBank BRION,OKSavingsBank BRION,OKSavingsBank BRION
ESPORTSTMNT02_3223058,T1,OKSavingsBank BRION,LCK,2023-07-23 07:08:48,T1,1897,T1,T1,T1
ESPORTSTMNT02_3223070,Liiv SANDBOX,DRX,LCK,2023-07-23 09:41:34,Liiv SANDBOX,1652,Liiv SANDBOX,Liiv SANDBOX,DRX
ESPORTSTMNT02_3223073,DRX,Liiv SANDBOX,LCK,2023-07-23 10:31:04,Liiv SANDBOX,1761,Liiv SANDBOX,Liiv SANDBOX,Liiv SANDBOX
ESPORTSTMNT02_3224004,T1,OKSavingsBank BRION,LCK,2023-07-23 06:05:35,OKSavingsBank BRION,2475,OKSavingsBank BRION,T1,T1
ESPORTSTMNT03_3089368,Nongshim RedForce,Dplus KIA,LCK,2023-01-25 08:07:46,Dplus KIA,1915,Dplus KIA,Nongshim RedForce,Dplus KIA
ESPORTSTMNT03_3089607,Gen.G,BRION,LCK,2023-01-26 08:06:29,Gen.G,1859,Gen.G,Gen.G,Gen.G
ESPORTSTMNT03_3089931,DRX,Nongshim RedForce,LCK,2023-01-27 09:05:44,Nongshim RedForce,1503,Nongshim RedForce,Nongshim RedForce,Nongshim RedForce
ESPORTSTMNT03_3090319,Dplus KIA,Nongshim RedForce,LCK,2023-01-25 09:02:11,Dplus KIA,2024,Dplus KIA,Nongshim RedForce,Nongshim RedForce
ESPORTSTMNT03_3090322,Liiv SANDBOX,KT Rolster,LCK,2023-01-25 10:37:03,Liiv SANDBOX,2384,Liiv SANDBOX,Liiv SANDBOX,Liiv SANDBOX
ESPORTSTMNT03_3090339,Liiv SANDBOX,KT Rolster,LCK,2023-01-25 12:33:15,Liiv SANDBOX,1880,KT Rolster,Liiv SANDBOX,Liiv SANDBOX
ESPORTSTMNT03_3090562,BRION,Gen.G,LCK,2023-01-26 08:59:47,Gen.G,1846,Gen.G,Gen.G,BRION
ESPORTSTMNT03_3090563,T1,Kwangdong Freecs,LCK,2023-01-26 10:36:11,T1,1547,T1,T1,T1
ESPORTSTMNT03_3090572,Kwangdong Freecs,T1,LCK,2023-01-26 11:27:58,T1,1498,T1,T1,T1
ESPORTSTMNT03_3090837,DRX,Nongshim RedForce,LCK,2023-01-27 08:08:13,DRX,2142,Nongshim RedForce,Nongshim RedForce,Nongshim RedForce
ESPORTSTMNT03_3090868,Nongshim RedForce,DRX,LCK,2023-01-27 09:52:27,Nongshim RedForce,1677,Nongshim RedForce,Nongshim RedForce,Nongshim RedForce
ESPORTSTMNT03_3090903,Hanwha Life Esports,KT Rolster,LCK,2023-01-27 12:22:09,KT Rolster,1828,KT Rolster,KT Rolster,KT Rolster
ESPORTSTMNT03_3091336,KT Rolster,Liiv SANDBOX,LCK,2023-01-25 11:40:01,KT Rolster,1932,KT Rolster,KT Rolster,Liiv SANDBOX
ESPORTSTMNT03_3091907,Hanwha Life Esports,KT Rolster,LCK,2023-01-27 11:28:00,KT Rolster,1861,Hanwha Life Esports,KT Rolster,Hanwha Life Esports
ESPORTSTMNT03_3092329,BRION,Liiv SANDBOX,LCK,2023-01-28 09:37:27,BRION,1934,BRION,BRION,BRION
ESPORTSTMNT03_3092334,BRION,Liiv SANDBOX,LCK,2023-01-28 10:32:12,Liiv SANDBOX,2870,BRION,Liiv SANDBOX,BRION
ESPORTSTMNT03_3092604,Kwangdong Freecs,DRX,LCK,2023-01-29 09:46:45,DRX,2547,DRX,DRX,Kwangdong Freecs
ESPORTSTMNT03_3093250,T1,Dplus KIA,LCK,2023-01-28 06:06:48,Dplus KIA,2160,Dplus KIA,Dplus KIA,T1
ESPORTSTMNT03_3093271,T1,Dplus KIA,LCK,2023-01-28 07:05:17,T1,2109,T1,Dplus KIA,T1
ESPORTSTMNT03_3093537,Hanwha Life Esports,Gen.G,LCK,2023-01-29 06:05:44,Gen.G,2200,Gen.G,Gen.G,Hanwha Life Esports
ESPORTSTMNT03_3093557,Gen.G,Hanwha Life Esports,LCK,2023-01-29 07:06:17,Hanwha Life Esports,2264,Gen.G,Gen.G,Gen.G
ESPORTSTMNT03_3093593,Kwangdong Freecs,DRX,LCK,2023-01-29 10:53:20,DRX,1767,DRX,DRX,DRX
ESPORTSTMNT03_3094238,Dplus KIA,T1,LCK,2023-01-28 08:03:32,T1,1641,T1,Dplus KIA,T1
ESPORTSTMNT03_3094264,BRION,Liiv SANDBOX,LCK,2023-01-28 11:44:05,Liiv SANDBOX,1730,Liiv SANDBOX,Liiv SANDBOX,Liiv SANDBOX
ESPORTSTMNT03_3094541,Gen.G,Hanwha Life Esports,LCK,2023-01-29 08:07:58,Gen.G,2025,Hanwha Life Esports,Hanwha Life Esports,Hanwha Life Esports
ESPORTSTMNT03_3095781,Gen.G,Dplus KIA,LCK,2023-02-01 10:36:55,Gen.G,2097,Gen.G,Dplus KIA,Dplus KIA
ESPORTSTMNT03_3096700,Nongshim RedForce,Liiv SANDBOX,LCK,2023-02-01 09:00:30,Liiv SANDBOX,1766,Nongshim RedForce,Liiv SANDBOX,Liiv SANDBOX
ESPORTSTMNT03_3096742,Gen.G,Dplus KIA,LCK,2023-02-01 11:35:56,Gen.G,1796,Gen.G,Dplus KIA,Gen.G
ESPORTSTMNT03_3097664,Liiv SANDBOX,Nongshim RedForce,LCK,2023-02-01 08:07:44,Liiv SANDBOX,1903,Liiv SANDBOX,Liiv SANDBOX,Liiv SANDBOX
ESPORTSTMNT03_3098196,DRX,BRION,LCK,2023-02-02 08:06:47,BRION,1931,DRX,BRION,BRION
ESPORTSTMNT03_3098225,DRX,BRION,LCK,2023-02-02 09:50:35,BRION,1707,BRION,BRION,BRION
ESPORTSTMNT03_3098229,Hanwha Life Esports,T1,LCK,2023-02-02 11:23:16,T1,2601,T1,T1,Hanwha Life Esports
ESPORTSTMNT03_3098275,Hanwha Life Esports,T1,LCK,2023-02-02 13:31:50,Hanwha Life Esports,1677,T1,T1,Hanwha Life Esports
ESPORTSTMNT03_3098573,KT Rolster,Kwangdong Freecs,LCK,2023-02-03 08:06:08,Kwangdong Freecs,2078,KT Rolster,KT Rolster,Kwangdong Freecs
ESPORTSTMNT03_3098646,Gen.G,Liiv SANDBOX,LCK,2023-02-03 10:36:21,Liiv SANDBOX,2134,Liiv SANDBOX,Liiv SANDBOX,Liiv SANDBOX
ESPORTSTMNT03_3098932,Hanwha Life Esports,DRX,LCK,2023-02-04 07:53:01,Hanwha Life Esports,2278,DRX,Hanwha Life Esports,DRX
ESPORTSTMNT03_3098936,T1,Nongshim RedForce,LCK,2023-02-04 09:39:18,T1,1838,T1,T1,T1
ESPORTSTMNT03_3098971,Nongshim RedForce,T1,LCK,2023-02-04 10:31:12,Nongshim RedForce,2014,T1,T1,T1
ESPORTSTMNT03_3098980,T1,Nongshim RedForce,LCK,2023-02-04 11:27:58,T1,1701,T1,T1,T1
ESPORTSTMNT03_3099119,BRION,DRX,LCK,2023-02-02 09:01:40,DRX,1630,DRX,BRION,DRX
ESPORTSTMNT03_3099542,Kwangdong Freecs,KT Rolster,LCK,2023-02-03 09:03:36,Kwangdong Freecs,1514,Kwangdong Freecs,Kwangdong Freecs,Kwangdong Freecs
ESPORTSTMNT03_3099594,Gen.G,Liiv SANDBOX,LCK,2023-02-03 12:32:21,Gen.G,1936,Gen.G,Liiv SANDBOX,Liiv SANDBOX
ESPORTSTMNT03_3099980,BRION,KT Rolster,LCK,2023-02-05 06:08:54,KT Rolster,2273,KT Rolster,KT Rolster,BRION
ESPORTSTMNT03_3099998,KT Rolster,BRION,LCK,2023-02-05 07:13:45,KT Rolster,1383,KT Rolster,KT Rolster,KT Rolster
ESPORTSTMNT03_3100173,T1,Hanwha Life Esports,LCK,2023-02-02 12:29:26,Hanwha Life Esports,2251,T1,T1,T1
ESPORTSTMNT03_3100615,Gen.G,Liiv SANDBOX,LCK,2023-02-03 11:33:43,Gen.G,2181,Gen.G,Gen.G,Liiv SANDBOX
ESPORTSTMNT03_3100826,Hanwha Life Esports,DRX,LCK,2023-02-04 06:07:00,DRX,2267,DRX,Hanwha Life Esports,DRX
ESPORTSTMNT03_3100863,DRX,Hanwha Life Esports,LCK,2023-02-04 07:07:24,Hanwha Life Esports,1411,Hanwha Life Esports,Hanwha Life Esports,Hanwha Life Esports
ESPORTSTMNT03_3102090,Dplus KIA,Kwangdong Freecs,LCK,2023-02-05 10:44:56,Dplus KIA,1900,Dplus KIA,Kwangdong Freecs,Dplus KIA
ESPORTSTMNT03_3103007,Kwangdong Freecs,Dplus KIA,LCK,2023-02-05 08:48:10,Dplus KIA,2094,Dplus KIA,Dplus KIA,Dplus KIA
ESPORTSTMNT03_3103038,Kwangdong Freecs,Dplus KIA,LCK,2023-02-05 09:44:37,Kwangdong Freecs,2140,Kwangdong Freecs,Kwangdong Freecs,Dplus KIA
ESPORTSTMNT03_3111569,Kwangdong Freecs,T1,LCK,2023-03-01 08:06:31,T1,1300,T1,Kwangdong Freecs,T1
ESPORTSTMNT03_3111606,DRX,Dplus KIA,LCK,2023-03-01 10:36:49,Dplus KIA,1627,Dplus KIA,Dplus KIA,Dplus KIA
ESPORTSTMNT03_3111641,Dplus KIA,DRX,LCK,2023-03-01 11:23:23,Dplus KIA,1530,Dplus KIA,Dplus KIA,Dplus KIA
ESPORTSTMNT03_3111908,Gen.G,KT Rolster,LCK,2023-03-02 09:09:33,Gen.G,1738,Gen.G,Gen.G,KT Rolster
ESPORTSTMNT03_3112838,KT Rolster,Gen.G,LCK,2023-03-02 08:08:30,KT Rolster,2283,Gen.G,KT Rolster,KT Rolster
ESPORTSTMNT03_3112906,Nongshim RedForce,Hanwha Life Esports,LCK,2023-03-02 12:33:34,Hanwha Life Esports,1080,Hanwha Life Esports,Hanwha Life Esports,Hanwha Life Esports
ESPORTSTMNT03_3113604,Kwangdong Freecs,T1,LCK,2023-03-01 08:52:37,T1,1744,T1,T1,T1
ESPORTSTMNT03_3113903,Gen.G,KT Rolster,LCK,2023-03-02 09:59:57,KT Rolster,2216,Gen.G,Gen.G,KT Rolster
ESPORTSTMNT03_3113908,Hanwha Life Esports,Nongshim RedForce,LCK,2023-03-02 11:46:10,Hanwha Life Esports,1495,Nongshim RedForce,Hanwha Life Esports,Hanwha Life Esports
ESPORTSTMNT03_3114711,Nongshim RedForce,DRX,LCK,2023-03-04 09:41:39,Nongshim RedForce,2222,Nongshim RedForce,Nongshim RedForce,DRX
ESPORTSTMNT03_3115239,Liiv SANDBOX,Kwangdong Freecs,LCK,2023-03-03 08:08:03,Liiv SANDBOX,1783,Liiv SANDBOX,Liiv SANDBOX,Liiv SANDBOX
ESPORTSTMNT03_3115330,T1,BRION,LCK,2023-03-03 12:37:36,T1,2013,T1,BRION,T1
ESPORTSTMNT03_3115657,Hanwha Life Esports,Dplus KIA,LCK,2023-03-04 06:07:14,Dplus KIA,2104,Dplus KIA,Dplus KIA,Dplus KIA
ESPORTSTMNT03_3116248,Kwangdong Freecs,Liiv SANDBOX,LCK,2023-03-03 09:00:14,Kwangdong Freecs,2946,Kwangdong Freecs,Kwangdong Freecs,Liiv SANDBOX
ESPORTSTMNT03_3116266,Liiv SANDBOX,Kwangdong Freecs,LCK,2023-03-03 10:11:24,Kwangdong Freecs,1784,Kwangdong Freecs,Kwangdong Freecs,Liiv SANDBOX
ESPORTSTMNT03_3116279,BRION,T1,LCK,2023-03-03 11:53:29,T1,1309,T1,T1,T1
ESPORTSTMNT03_3116666,Hanwha Life Esports,Dplus KIA,LCK,2023-03-04 07:05:17,Dplus KIA,1759,Dplus KIA,Hanwha Life Esports,Dplus KIA
ESPORTSTMNT03_3116676,Nongshim RedForce,DRX,LCK,2023-03-04 08:46:59,DRX,1960,DRX,DRX,DRX
ESPORTSTMNT03_3116711,DRX,Nongshim RedForce,LCK,2023-03-04 10:40:47,DRX,1638,DRX,DRX,Nongshim RedForce
ESPORTSTMNT03_3117109,Liiv SANDBOX,KT Rolster,LCK,2023-03-05 06:09:08,KT Rolster,2337,KT Rolster,KT Rolster,Liiv SANDBOX
ESPORTSTMNT03_3117150,BRION,Gen.G,LCK,2023-03-05 08:45:20,Gen.G,1437,Gen.G,BRION,Gen.G
ESPORTSTMNT03_3117167,Gen.G,BRION,LCK,2023-03-05 09:31:57,Gen.G,1743,Gen.G,Gen.G,BRION
ESPORTSTMNT03_3119106,Liiv SANDBOX,KT Rolster,LCK,2023-03-05 07:11:15,KT Rolster,1628,KT Rolster,KT Rolster,Liiv SANDBOX
ESPORTSTMNT03_3120564,KT Rolster,Hanwha Life Esports,LCK,2023-03-08 11:38:55,KT Rolster,2136,Hanwha Life Esports,KT Rolster,KT Rolster
ESPORTSTMNT03_3120628,KT Rolster,Hanwha Life Esports,LCK,2023-03-08 13:36:18,KT Rolster,2165,KT Rolster,Hanwha Life Esports,Hanwha Life Esports
ESPORTSTMNT03_3121502,Kwangdong Freecs,Nongshim RedForce,LCK,2023-03-08 08:06:24,Kwangdong Freecs,2097,Kwangdong Freecs,Nongshim RedForce,Kwangdong Freecs
ESPORTSTMNT03_3122530,Nongshim RedForce,Kwangdong Freecs,LCK,2023-03-08 09:03:51,Nongshim RedForce,2003,Kwangdong Freecs,Nongshim RedForce,Nongshim RedForce
ESPORTSTMNT03_3122536,Kwangdong Freecs,Nongshim RedForce,LCK,2023-03-08 09:58:31,Kwangdong Freecs,1582,Kwangdong Freecs,Kwangdong Freecs,Kwangdong Freecs
ESPORTSTMNT03_3122584,Hanwha Life Esports,KT Rolster,LCK,2023-03-08 12:37:13,Hanwha Life Esports,2153,KT Rolster,KT Rolster,KT Rolster
ESPORTSTMNT03_3123048,Gen.G,Liiv SANDBOX,LCK,2023-03-09 08:07:52,Gen.G,1593,Gen.G,Gen.G,Gen.G
ESPORTSTMNT03_3123081,Liiv SANDBOX,Gen.G,LCK,2023-03-09 08:57:00,Gen.G,1776,Gen.G,Gen.G,Liiv SANDBOX
ESPORTSTMNT03_3123651,BRION,KT Rolster,LCK,2023-03-10 11:26:14,KT Rolster,1726,KT Rolster,KT Rolster,KT Rolster
ESPORTSTMNT03_3124078,T1,DRX,LCK,2023-03-09 10:37:42,T1,1466,T1,T1,T1
ESPORTSTMNT03_3124535,Dplus KIA,Nongshim RedForce,LCK,2023-03-10 08:07:01,Dplus KIA,1450,Dplus KIA,Dplus KIA,Dplus KIA
ESPORTSTMNT03_3125134,DRX,T1,LCK,2023-03-09 11:24:15,T1,1846,T1,DRX,T1
ESPORTSTMNT03_3125587,Nongshim RedForce,Dplus KIA,LCK,2023-03-10 08:53:16,Dplus KIA,1541,Dplus KIA,Nongshim RedForce,Dplus KIA
ESPORTSTMNT03_3125600,BRION,KT Rolster,LCK,2023-03-10 10:36:32,KT Rolster,1757,KT Rolster,BRION,KT Rolster
ESPORTSTMNT03_3126034,DRX,Liiv SANDBOX,LCK,2023-03-11 07:10:33,Liiv SANDBOX,1616,DRX,Liiv SANDBOX,Liiv SANDBOX
ESPORTSTMNT03_3126091,T1,Hanwha Life Esports,LCK,2023-03-11 10:39:59,T1,2132,T1,Hanwha Life Esports,T1
ESPORTSTMNT03_3127022,Liiv SANDBOX,DRX,LCK,2023-03-11 06:14:39,DRX,1923,DRX,DRX,Liiv SANDBOX
ESPORTSTMNT03_3127306,Dplus KIA,BRION,LCK,2023-03-12 06:05:48,BRION,2278,Dplus KIA,BRION,BRION
ESPORTSTMNT03_3127325,BRION,Dplus KIA,LCK,2023-03-12 07:53:30,Dplus KIA,1829,Dplus KIA,Dplus KIA,Dplus KIA
ESPORTSTMNT03_3127378,Kwangdong Freecs,Gen.G,LCK,2023-03-12 10:30:20,Kwangdong Freecs,2346,Kwangdong Freecs,Gen.G,Kwangdong Freecs
ESPORTSTMNT03_3127386,Gen.G,Kwangdong Freecs,LCK,2023-03-12 11:30:42,Kwangdong Freecs,2567,Gen.G,Gen.G,Gen.G
ESPORTSTMNT03_3128016,DRX,Liiv SANDBOX,LCK,2023-03-11 07:59:19,Liiv SANDBOX,1924,Liiv SANDBOX,Liiv SANDBOX,DRX
ESPORTSTMNT03_3128023,T1,Hanwha Life Esports,LCK,2023-03-11 09:36:55,Hanwha Life Esports,2438,T1,T1,T1
ESPORTSTMNT03_3128073,T1,Hanwha Life Esports,LCK,2023-03-11 11:38:17,T1,1350,T1,T1,T1
ESPORTSTMNT03_3128324,Dplus KIA,BRION,LCK,2023-03-12 07:05:59,Dplus KIA,1573,BRION,Dplus KIA,Dplus KIA
ESPORTSTMNT03_3128333,Gen.G,Kwangdong Freecs,LCK,2023-03-12 09:37:21,Gen.G,1854,Gen.G,Gen.G,Gen.G
ESPORTSTMNT03_3165687,Hanwha Life Esports,KT Rolster,LCK,2023-06-07 09:09:21,Hanwha Life Esports,1771,Hanwha Life Esports,Hanwha Life Esports,Hanwha Life Esports
ESPORTSTMNT03_3165973,DRX,Kwangdong Freecs,LCK,2023-06-08 09:19:42,Kwangdong Freecs,1739,Kwangdong Freecs,Kwangdong Freecs,Kwangdong Freecs
ESPORTSTMNT03_3165974,OKSavingsBank BRION,Nongshim RedForce,LCK,2023-06-08 11:00:48,OKSavingsBank BRION,1925,OKSavingsBank BRION,OKSavingsBank BRION,Nongshim RedForce
ESPORTSTMNT03_3166614,KT Rolster,Hanwha Life Esports,LCK,2023-06-07 10:02:16,KT Rolster,1605,KT Rolster,KT Rolster,KT Rolster
ESPORTSTMNT03_3166620,Dplus KIA,Liiv SANDBOX,LCK,2023-06-07 11:39:10,Dplus KIA,1778,Dplus KIA,Dplus KIA,Dplus KIA
ESPORTSTMNT03_3166917,Nongshim RedForce,OKSavingsBank BRION,LCK,2023-06-08 11:55:19,Nongshim RedForce,2137,Nongshim RedForce,Nongshim RedForce,OKSavingsBank BRION
ESPORTSTMNT03_3166925,OKSavingsBank BRION,Nongshim RedForce,LCK,2023-06-08 12:57:27,Nongshim RedForce,1773,Nongshim RedForce,OKSavingsBank BRION,Nongshim RedForce
ESPORTSTMNT03_3167508,KT Rolster,Hanwha Life Esports,LCK,2023-06-07 08:11:03,KT Rolster,1894,Hanwha Life Esports,Hanwha Life Esports,Hanwha Life Esports
ESPORTSTMNT03_3167593,Liiv SANDBOX,Dplus KIA,LCK,2023-06-07 12:32:29,Dplus KIA,1764,Liiv SANDBOX,Liiv SANDBOX,Liiv SANDBOX
ESPORTSTMNT03_3167810,Kwangdong Freecs,DRX,LCK,2023-06-08 08:13:34,Kwangdong Freecs,2568,Kwangdong Freecs,Kwangdong Freecs,Kwangdong Freecs
ESPORTSTMNT03_3168164,KT Rolster,Gen.G,LCK,2023-06-09 10:24:02,Gen.G,1700,Gen.G,Gen.G,Gen.G
ESPORTSTMNT03_3168168,Hanwha Life Esports,T1,LCK,2023-06-09 11:58:35,Hanwha Life Esports,2647,Hanwha Life Esports,T1,T1
ESPORTSTMNT03_3168300,Nongshim RedForce,Liiv SANDBOX,LCK,2023-06-10 07:08:07,Liiv SANDBOX,1689,Liiv SANDBOX,Nongshim RedForce,Liiv SANDBOX
ESPORTSTMNT03_3168381,Dplus KIA,DRX,LCK,2023-06-11 07:51:43,Dplus KIA,2469,DRX,Dplus KIA,Dplus KIA
ESPORTSTMNT03_3169046,KT Rolster,Gen.G,LCK,2023-06-09 08:08:33,KT Rolster,1441,KT Rolster,KT Rolster,KT Rolster
ESPORTSTMNT03_3169092,T1,Hanwha Life Esports,LCK,2023-06-09 13:06:11,T1,1517,T1,Hanwha Life Esports,T1
ESPORTSTMNT03_3169206,Liiv SANDBOX,Nongshim RedForce,LCK,2023-06-10 06:17:14,Liiv SANDBOX,1632,Nongshim RedForce,Liiv SANDBOX,Nongshim RedForce
ESPORTSTMNT03_3169215,OKSavingsBank BRION,Kwangdong Freecs,LCK,2023-06-10 09:36:18,Kwangdong Freecs,1839,Kwangdong Freecs,Kwangdong Freecs,Kwangdong Freecs
ESPORTSTMNT03_3169305,T1,Gen.G,LCK,2023-06-11 10:32:23,T1,1804,T1,Gen.G,T1
ESPORTSTMNT03_3170021,Gen.G,KT Rolster,LCK,2023-06-09 08:55:34,Gen.G,1444,Gen.G,Gen.G,KT Rolster
ESPORTSTMNT03_3170048,T1,Hanwha Life Esports,LCK,2023-06-09 13:52:09,T1,1801,T1,Hanwha Life Esports,T1
ESPORTSTMNT03_3170167,Kwangdong Freecs,OKSavingsBank BRION,LCK,2023-06-10 08:40:12,Kwangdong Freecs,1889,Kwangdong Freecs,Kwangdong Freecs,Kwangdong Freecs
ESPORTSTMNT03_3170239,DRX,Dplus KIA,LCK,2023-06-11 06:08:28,Dplus KIA,1304,Dplus KIA,Dplus KIA,Dplus KIA
ESPORTSTMNT03_3170253,DRX,Dplus KIA,LCK,2023-06-11 06:53:02,DRX,2066,DRX,DRX,Dplus KIA
ESPORTSTMNT03_3170256,Gen.G,T1,LCK,2023-06-11 09:43:01,Gen.G,1588,Gen.G,T1,Gen.G
ESPORTSTMNT03_3170267,Gen.G,T1,LCK,2023-06-11 11:26:09,Gen.G,1942,T1,Gen.G,Gen.G
ESPORTSTMNT03_3195856,T1,DRX,LCK,2023-07-27 08:59:44,DRX,1867,DRX,DRX,DRX
ESPORTSTMNT03_3195868,Hanwha Life Esports,Nongshim RedForce,LCK,2023-07-27 11:40:32,Hanwha Life Esports,1347,Hanwha Life Esports,Hanwha Life Esports,Nongshim RedForce
ESPORTSTMNT03_3195975,Dplus KIA,Kwangdong Freecs,LCK,2023-07-28 08:06:19,Dplus KIA,1720,Kwangdong Freecs,Dplus KIA,Dplus KIA
ESPORTSTMNT03_3196827,T1,DRX,LCK,2023-07-27 09:58:18,DRX,2144,T1,DRX,DRX
ESPORTSTMNT03_3196972,Dplus KIA,Kwangdong Freecs,LCK,2023-07-28 08:57:35,Dplus KIA,1652,Dplus KIA,Dplus KIA,Kwangdong Freecs
ESPORTSTMNT03_3196998,OKSavingsBank BRION,Liiv SANDBOX,LCK,2023-07-28 11:29:06,Liiv SANDBOX,1929,OKSavingsBank BRION,OKSavingsBank BRION,OKSavingsBank BRION
ESPORTSTMNT03_3197780,T1,DRX,LCK,2023-07-27 08:06:12,T1,1713,T1,DRX,T1
ESPORTSTMNT03_3197839,Nongshim RedForce,Hanwha Life Esports,LCK,2023-07-27 12:26:40,Hanwha Life Esports,1629,Hanwha Life Esports,Nongshim RedForce,Hanwha Life Esports
ESPORTSTMNT03_3198004,OKSavingsBank BRION,Liiv SANDBOX,LCK,2023-07-28 10:36:12,Liiv SANDBOX,1891,Liiv SANDBOX,Liiv SANDBOX,Liiv SANDBOX
ESPORTSTMNT03_3198239,Gen.G,Dplus KIA,LCK,2023-07-30 09:46:15,Gen.G,1981,Gen.G,Gen.G,Dplus KIA
ESPORTSTMNT03_3199067,KT Rolster,T1,LCK,2023-07-29 06:07:32,KT Rolster,1647,KT Rolster,T1,KT Rolster
ESPORTSTMNT03_3199084,T1,KT Rolster,LCK,2023-07-29 06:56:57,KT Rolster,1600,KT Rolster,KT Rolster,KT Rolster
ESPORTSTMNT03_3199115,DRX,Hanwha Life Esports,LCK,2023-07-29 09:40:18,Hanwha Life Esports,1426,Hanwha Life Esports,DRX,Hanwha Life Esports
ESPORTSTMNT03_3199206,Nongshim RedForce,OKSavingsBank BRION,LCK,2023-07-30 07:05:53,Nongshim RedForce,1949,Nongshim RedForce,Nongshim RedForce,OKSavingsBank BRION
ESPORTSTMNT03_3199211,OKSavingsBank BRION,Nongshim RedForce,LCK,2023-07-30 08:00:26,Nongshim RedForce,2077,OKSavingsBank BRION,OKSavingsBank BRION,Nongshim RedForce
ESPORTSTMNT03_3199251,Dplus KIA,Gen.G,LCK,2023-07-30 10:42:00,Gen.G,2400,Gen.G,Gen.G,Gen.G
ESPORTSTMNT03_3200068,DRX,Hanwha Life Esports,LCK,2023-07-29 08:36:53,Hanwha Life Esports,2464,DRX,DRX,DRX
ESPORTSTMNT03_3200187,Nongshim RedForce,OKSavingsBank BRION,LCK,2023-07-30 06:05:28,OKSavingsBank BRION,2312,OKSavingsBank BRION,Nongshim RedForce,Nongshim RedForce
ESPORTSTMNT04_2659018,Dplus KIA,DRX,LCK,2023-01-18 08:17:31,Dplus KIA,1808,Dplus KIA,DRX,Dplus KIA
ESPORTSTMNT04_2660040,T1,Gen.G,LCK,2023-01-18 11:00:07,T1,2162,T1,Gen.G,Gen.G
ESPORTSTMNT04_2661035,Dplus KIA,DRX,LCK,2023-01-18 09:13:04,Dplus KIA,2171,DRX,Dplus KIA,DRX
ESPORTSTMNT04_2661049,T1,Gen.G,LCK,2023-01-18 11:59:24,T1,1939,T1,T1,T1
ESPORTSTMNT04_2663029,Nongshim RedForce,BRION,LCK,2023-01-19 11:09:23,BRION,2339,Nongshim RedForce,BRION,BRION
ESPORTSTMNT04_2663131,T1,KT Rolster,LCK,2023-01-20 09:55:26,T1,1451,T1,T1,T1
ESPORTSTMNT04_2663182,DRX,Gen.G,LCK,2023-01-21 07:05:45,Gen.G,1780,Gen.G,Gen.G,Gen.G
ESPORTSTMNT04_2663193,Kwangdong Freecs,BRION,LCK,2023-01-21 09:43:31,Kwangdong Freecs,2100,Kwangdong Freecs,BRION,BRION
ESPORTSTMNT04_2663232,KT Rolster,Nongshim RedForce,LCK,2023-01-22 10:52:47,KT Rolster,1987,KT Rolster,KT Rolster,KT Rolster
ESPORTSTMNT04_2664031,Kwangdong Freecs,Hanwha Life Esports,LCK,2023-01-19 09:26:47,Hanwha Life Esports,2009,Hanwha Life Esports,Kwangdong Freecs,Hanwha Life Esports
ESPORTSTMNT04_2664115,T1,KT Rolster,LCK,2023-01-20 09:00:41,T1,1884,T1,T1,KT Rolster
ESPORTSTMNT04_2664117,Dplus KIA,Liiv SANDBOX,LCK,2023-01-20 11:29:11,Dplus KIA,1638,Dplus KIA,Dplus KIA,Dplus KIA
ESPORTSTMNT04_2664153,Gen.G,DRX,LCK,2023-01-21 06:10:14,Gen.G,1959,Gen.G,Gen.G,DRX
ESPORTSTMNT04_2664171,Kwangdong Freecs,BRION,LCK,2023-01-21 08:42:32,BRION,2315,BRION,BRION,BRION
ESPORTSTMNT04_2664180,Hanwha Life Esports,Liiv SANDBOX,LCK,2023-01-22 06:09:24,Liiv SANDBOX,2363,Liiv SANDBOX,Liiv SANDBOX,Hanwha Life Esports
ESPORTSTMNT04_2664200,Hanwha Life Esports,Liiv SANDBOX,LCK,2023-01-22 08:14:45,Liiv SANDBOX,2270,Liiv SANDBOX,Liiv SANDBOX,Liiv SANDBOX
ESPORTSTMNT04_2664219,KT Rolster,Nongshim RedForce,LCK,2023-01-22 11:48:40,KT Rolster,1842,KT Rolster,KT Rolster,Nongshim RedForce
ESPORTSTMNT04_2665017,Kwangdong Freecs,Hanwha Life Esports,LCK,2023-01-19 08:20:39,Hanwha Life Esports,2417,Kwangdong Freecs,Kwangdong Freecs,Kwangdong Freecs
ESPORTSTMNT04_2665040,BRION,Nongshim RedForce,LCK,2023-01-19 12:12:29,BRION,1812,BRION,Nongshim RedForce,BRION
ESPORTSTMNT04_2665115,T1,KT Rolster,LCK,2023-01-20 08:11:59,KT Rolster,1559,KT Rolster,KT Rolster,KT Rolster
ESPORTSTMNT04_2665143,Dplus KIA,Liiv SANDBOX,LCK,2023-01-20 12:17:07,Dplus KIA,1652,Dplus KIA,Dplus KIA,Liiv SANDBOX
ESPORTSTMNT04_2665186,BRION,Kwangdong Freecs,LCK,2023-01-21 10:41:30,BRION,2288,BRION,BRION,Kwangdong Freecs
ESPORTSTMNT04_2665208,Hanwha Life Esports,Liiv SANDBOX,LCK,2023-01-22 07:13:08,Hanwha Life Esports,2282,Liiv SANDBOX,Hanwha Life Esports,Liiv SANDBOX
ESPORTSTMNT04_2665209,KT Rolster,Nongshim RedForce,LCK,2023-01-22 09:57:28,Nongshim RedForce,1933,KT Rolster,Nongshim RedForce,Nongshim RedForce
ESPORTSTMNT06_2821430,Liiv SANDBOX,Gen.G,LCK,2023-07-26 09:10:28,Gen.G,2004,Gen.G,Gen.G,Liiv SANDBOX
ESPORTSTMNT06_2823450,Gen.G,Liiv SANDBOX,LCK,2023-07-26 08:07:13,Gen.G,2473,Gen.G,Gen.G,Liiv SANDBOX
ESPORTSTMNT06_2823458,Kwangdong Freecs,KT Rolster,LCK,2023-07-26 10:53:23,KT Rolster,1573,KT Rolster,Kwangdong Freecs,KT Rolster
ESPORTSTMNT06_2823467,Kwangdong Freecs,KT Rolster,LCK,2023-07-26 12:00:52,KT Rolster,1798,KT Rolster,Kwangdong Freecs,KT Rolster
